-- phpMyAdmin SQL Dump
-- version 5.0.4deb2
-- https://www.phpmyadmin.net/
--
-- Hôte : localhost:3306
-- Généré le : mar. 25 jan. 2022 à 21:41
-- Version du serveur :  10.5.12-MariaDB-0+deb11u1
-- Version de PHP : 7.4.25

SET SQL_MODE = "NO_AUTO_VALUE_ON_ZERO";
START TRANSACTION;
SET time_zone = "+00:00";


/*!40101 SET @OLD_CHARACTER_SET_CLIENT=@@CHARACTER_SET_CLIENT */;
/*!40101 SET @OLD_CHARACTER_SET_RESULTS=@@CHARACTER_SET_RESULTS */;
/*!40101 SET @OLD_COLLATION_CONNECTION=@@COLLATION_CONNECTION */;
/*!40101 SET NAMES utf8mb4 */;

--
-- Base de données : `admin_cpoaG4S3`
--

-- --------------------------------------------------------

--
-- Structure de la table `arbitre`
--

CREATE TABLE `arbitre` (
  `id` int(11) NOT NULL,
  `nationnalite` varchar(255) NOT NULL,
  `idUser` int(11) NOT NULL
) ENGINE=InnoDB DEFAULT CHARSET=utf8mb4;

--
-- Déchargement des données de la table `arbitre`
--

INSERT INTO `arbitre` (`id`, `nationnalite`, `idUser`) VALUES
(1, 'France', 37),
(2, 'Bulgarie', 40),
(3, 'Biélorussie', 38),
(4, 'Serbie', 41),
(5, 'Venezuela', 39);

-- --------------------------------------------------------

--
-- Structure de la table `bTerrain`
--

CREATE TABLE `bTerrain` (
  `id` int(11) NOT NULL,
  `heure` int(11) NOT NULL,
  `idJoueur` int(11) NOT NULL,
  `idTerrain` int(11) NOT NULL
) ENGINE=InnoDB DEFAULT CHARSET=utf8mb4;

--
-- Déchargement des données de la table `bTerrain`
--

INSERT INTO `bTerrain` (`id`, `heure`, `idJoueur`, `idTerrain`) VALUES
(19, 16, 112, 1);

-- --------------------------------------------------------

--
-- Structure de la table `chambre`
--

CREATE TABLE `chambre` (
  `id` int(20) NOT NULL,
  `numero` int(11) NOT NULL,
  `type` int(11) NOT NULL,
  `id_hotel` int(20) NOT NULL
) ENGINE=InnoDB DEFAULT CHARSET=utf8mb4;

--
-- Déchargement des données de la table `chambre`
--

INSERT INTO `chambre` (`id`, `numero`, `type`, `id_hotel`) VALUES
(57, 1, 2, 22),
(58, 2, 2, 22),
(59, 1, 2, 23),
(60, 2, 3, 23),
(61, 3, 3, 23),
(62, 1, 6, 24),
(63, 2, 3, 24),
(64, 3, 2, 24),
(65, 4, 4, 23),
(66, 4, 2, 22),
(67, 6, 6, 22),
(68, 1, 2, 28),
(69, 2, 2, 28),
(70, 3, 3, 28),
(71, 1, 2, 29),
(72, 2, 3, 29),
(73, 1, 6, 30);

-- --------------------------------------------------------

--
-- Structure de la table `disponibilite_chambre`
--

CREATE TABLE `disponibilite_chambre` (
  `id` int(11) NOT NULL,
  `id_chambre` int(11) NOT NULL,
  `disponible` tinyint(1) NOT NULL,
  `jour` int(11) NOT NULL,
  `mois` int(11) NOT NULL,
  `annee` int(11) NOT NULL
) ENGINE=InnoDB DEFAULT CHARSET=utf8mb4;

--
-- Déchargement des données de la table `disponibilite_chambre`
--

INSERT INTO `disponibilite_chambre` (`id`, `id_chambre`, `disponible`, `jour`, `mois`, `annee`) VALUES
(1, 68, 0, 1, 1, 2022),
(2, 68, 0, 2, 1, 2022),
(3, 68, 0, 3, 1, 2022),
(4, 68, 0, 4, 1, 2022),
(5, 68, 0, 5, 1, 2022),
(6, 68, 0, 6, 1, 2022),
(7, 68, 0, 7, 1, 2022),
(8, 68, 0, 8, 1, 2022),
(9, 68, 0, 9, 1, 2022),
(10, 68, 0, 10, 1, 2022),
(11, 68, 0, 11, 1, 2022),
(12, 68, 0, 12, 1, 2022),
(13, 68, 0, 13, 1, 2022),
(14, 68, 0, 14, 1, 2022),
(15, 68, 0, 15, 1, 2022),
(16, 68, 0, 16, 1, 2022),
(17, 68, 0, 17, 1, 2022),
(18, 68, 0, 18, 1, 2022),
(19, 68, 0, 19, 1, 2022),
(20, 68, 0, 20, 1, 2022),
(21, 68, 0, 21, 1, 2022),
(22, 68, 0, 22, 1, 2022),
(23, 68, 0, 23, 1, 2022),
(24, 68, 0, 24, 1, 2022),
(25, 68, 0, 25, 1, 2022),
(26, 68, 0, 26, 1, 2022),
(27, 68, 0, 27, 1, 2022),
(28, 68, 0, 28, 1, 2022),
(29, 68, 0, 29, 1, 2022),
(30, 68, 0, 30, 1, 2022),
(31, 68, 0, 31, 1, 2022),
(32, 68, 0, 1, 2, 2022),
(33, 68, 0, 2, 2, 2022),
(34, 68, 0, 3, 2, 2022),
(35, 68, 0, 4, 2, 2022),
(36, 68, 0, 5, 2, 2022),
(37, 68, 0, 6, 2, 2022),
(38, 68, 0, 7, 2, 2022),
(39, 68, 0, 8, 2, 2022),
(40, 68, 0, 9, 2, 2022),
(41, 68, 0, 10, 2, 2022),
(42, 68, 0, 11, 2, 2022),
(43, 68, 0, 12, 2, 2022),
(44, 68, 0, 13, 2, 2022),
(45, 68, 0, 14, 2, 2022),
(46, 68, 0, 15, 2, 2022),
(47, 68, 0, 16, 2, 2022),
(48, 68, 0, 17, 2, 2022),
(49, 68, 0, 18, 2, 2022),
(50, 68, 0, 19, 2, 2022),
(51, 68, 0, 20, 2, 2022),
(52, 68, 0, 21, 2, 2022),
(53, 68, 0, 22, 2, 2022),
(54, 68, 0, 23, 2, 2022),
(55, 68, 0, 24, 2, 2022),
(56, 68, 0, 25, 2, 2022),
(57, 68, 0, 26, 2, 2022),
(58, 68, 0, 27, 2, 2022),
(59, 68, 0, 28, 2, 2022),
(60, 68, 0, 1, 3, 2022),
(61, 68, 0, 2, 3, 2022),
(62, 68, 0, 3, 3, 2022),
(63, 68, 0, 4, 3, 2022),
(64, 68, 0, 5, 3, 2022),
(65, 68, 0, 6, 3, 2022),
(66, 68, 0, 7, 3, 2022),
(67, 68, 0, 8, 3, 2022),
(68, 68, 0, 9, 3, 2022),
(69, 68, 0, 10, 3, 2022),
(70, 68, 0, 11, 3, 2022),
(71, 68, 0, 12, 3, 2022),
(72, 68, 0, 13, 3, 2022),
(73, 68, 0, 14, 3, 2022),
(74, 68, 0, 15, 3, 2022),
(75, 68, 0, 16, 3, 2022),
(76, 68, 0, 17, 3, 2022),
(77, 68, 0, 18, 3, 2022),
(78, 68, 0, 19, 3, 2022),
(79, 68, 0, 20, 3, 2022),
(80, 68, 0, 21, 3, 2022),
(81, 68, 0, 22, 3, 2022),
(82, 68, 0, 23, 3, 2022),
(83, 68, 0, 24, 3, 2022),
(84, 68, 0, 25, 3, 2022),
(85, 68, 0, 26, 3, 2022),
(86, 68, 0, 27, 3, 2022),
(87, 68, 0, 28, 3, 2022),
(88, 68, 0, 29, 3, 2022),
(89, 68, 0, 30, 3, 2022),
(90, 68, 0, 31, 3, 2022),
(91, 68, 0, 1, 4, 2022),
(92, 68, 0, 2, 4, 2022),
(93, 68, 0, 3, 4, 2022),
(94, 68, 0, 4, 4, 2022),
(95, 68, 0, 5, 4, 2022),
(96, 68, 0, 6, 4, 2022),
(97, 68, 0, 7, 4, 2022),
(98, 68, 0, 8, 4, 2022),
(99, 68, 0, 9, 4, 2022),
(100, 68, 0, 10, 4, 2022),
(101, 68, 0, 11, 4, 2022),
(102, 68, 0, 12, 4, 2022),
(103, 68, 0, 13, 4, 2022),
(104, 68, 0, 14, 4, 2022),
(105, 68, 0, 15, 4, 2022),
(106, 68, 0, 16, 4, 2022),
(107, 68, 0, 17, 4, 2022),
(108, 68, 0, 18, 4, 2022),
(109, 68, 0, 19, 4, 2022),
(110, 68, 0, 20, 4, 2022),
(111, 68, 0, 21, 4, 2022),
(112, 68, 0, 22, 4, 2022),
(113, 68, 0, 23, 4, 2022),
(114, 68, 0, 24, 4, 2022),
(115, 68, 0, 25, 4, 2022),
(116, 68, 0, 26, 4, 2022),
(117, 68, 0, 27, 4, 2022),
(118, 68, 0, 28, 4, 2022),
(119, 68, 0, 29, 4, 2022),
(120, 68, 0, 30, 4, 2022),
(121, 68, 0, 1, 5, 2022),
(122, 68, 0, 2, 5, 2022),
(123, 68, 0, 3, 5, 2022),
(124, 68, 0, 4, 5, 2022),
(125, 68, 0, 5, 5, 2022),
(126, 68, 0, 6, 5, 2022),
(127, 68, 0, 7, 5, 2022),
(128, 68, 0, 8, 5, 2022),
(129, 68, 0, 9, 5, 2022),
(130, 68, 0, 10, 5, 2022),
(131, 68, 0, 11, 5, 2022),
(132, 68, 0, 12, 5, 2022),
(133, 68, 0, 13, 5, 2022),
(134, 68, 0, 14, 5, 2022),
(135, 68, 0, 15, 5, 2022),
(136, 68, 0, 16, 5, 2022),
(137, 68, 0, 17, 5, 2022),
(138, 68, 0, 18, 5, 2022),
(139, 68, 0, 19, 5, 2022),
(140, 68, 0, 20, 5, 2022),
(141, 68, 0, 21, 5, 2022),
(142, 68, 0, 22, 5, 2022),
(143, 68, 0, 23, 5, 2022),
(144, 68, 0, 24, 5, 2022),
(145, 68, 0, 25, 5, 2022),
(146, 68, 0, 26, 5, 2022),
(147, 68, 0, 27, 5, 2022),
(148, 68, 0, 28, 5, 2022),
(149, 68, 0, 29, 5, 2022),
(150, 68, 0, 30, 5, 2022),
(151, 68, 0, 31, 5, 2022),
(152, 68, 0, 1, 6, 2022),
(153, 68, 0, 2, 6, 2022),
(154, 68, 0, 3, 6, 2022),
(155, 68, 0, 4, 6, 2022),
(156, 68, 0, 5, 6, 2022),
(157, 68, 0, 6, 6, 2022),
(158, 68, 0, 7, 6, 2022),
(159, 68, 0, 8, 6, 2022),
(160, 68, 0, 9, 6, 2022),
(161, 68, 0, 10, 6, 2022),
(162, 68, 0, 11, 6, 2022),
(163, 68, 0, 12, 6, 2022),
(164, 68, 0, 13, 6, 2022),
(165, 68, 0, 14, 6, 2022),
(166, 68, 0, 15, 6, 2022),
(167, 68, 0, 16, 6, 2022),
(168, 68, 0, 17, 6, 2022),
(169, 68, 0, 18, 6, 2022),
(170, 68, 0, 19, 6, 2022),
(171, 68, 0, 20, 6, 2022),
(172, 68, 0, 21, 6, 2022),
(173, 68, 0, 22, 6, 2022),
(174, 68, 0, 23, 6, 2022),
(175, 68, 0, 24, 6, 2022),
(176, 68, 0, 25, 6, 2022),
(177, 68, 0, 26, 6, 2022),
(178, 68, 0, 27, 6, 2022),
(179, 68, 0, 28, 6, 2022),
(180, 68, 0, 29, 6, 2022),
(181, 68, 0, 30, 6, 2022),
(182, 68, 0, 1, 7, 2022),
(183, 68, 0, 2, 7, 2022),
(184, 68, 0, 3, 7, 2022),
(185, 68, 0, 4, 7, 2022),
(186, 68, 0, 5, 7, 2022),
(187, 68, 0, 6, 7, 2022),
(188, 68, 0, 7, 7, 2022),
(189, 68, 0, 8, 7, 2022),
(190, 68, 0, 9, 7, 2022),
(191, 68, 0, 10, 7, 2022),
(192, 68, 0, 11, 7, 2022),
(193, 68, 0, 12, 7, 2022),
(194, 68, 0, 13, 7, 2022),
(195, 68, 0, 14, 7, 2022),
(196, 68, 0, 15, 7, 2022),
(197, 68, 0, 16, 7, 2022),
(198, 68, 0, 17, 7, 2022),
(199, 68, 0, 18, 7, 2022),
(200, 68, 0, 19, 7, 2022),
(201, 68, 0, 20, 7, 2022),
(202, 68, 0, 21, 7, 2022),
(203, 68, 0, 22, 7, 2022),
(204, 68, 0, 23, 7, 2022),
(205, 68, 0, 24, 7, 2022),
(206, 68, 0, 25, 7, 2022),
(207, 68, 0, 26, 7, 2022),
(208, 68, 0, 27, 7, 2022),
(209, 68, 0, 28, 7, 2022),
(210, 68, 0, 29, 7, 2022),
(211, 68, 0, 30, 7, 2022),
(212, 68, 0, 31, 7, 2022),
(213, 68, 0, 1, 8, 2022),
(214, 68, 0, 2, 8, 2022),
(215, 68, 0, 3, 8, 2022),
(216, 68, 0, 4, 8, 2022),
(217, 68, 0, 5, 8, 2022),
(218, 68, 0, 6, 8, 2022),
(219, 68, 0, 7, 8, 2022),
(220, 68, 0, 8, 8, 2022),
(221, 68, 0, 9, 8, 2022),
(222, 68, 0, 10, 8, 2022),
(223, 68, 0, 11, 8, 2022),
(224, 68, 0, 12, 8, 2022),
(225, 68, 0, 13, 8, 2022),
(226, 68, 0, 14, 8, 2022),
(227, 68, 0, 15, 8, 2022),
(228, 68, 0, 16, 8, 2022),
(229, 68, 0, 17, 8, 2022),
(230, 68, 0, 18, 8, 2022),
(231, 68, 0, 19, 8, 2022),
(232, 68, 0, 20, 8, 2022),
(233, 68, 0, 21, 8, 2022),
(234, 68, 0, 22, 8, 2022),
(235, 68, 0, 23, 8, 2022),
(236, 68, 0, 24, 8, 2022),
(237, 68, 0, 25, 8, 2022),
(238, 68, 0, 26, 8, 2022),
(239, 68, 0, 27, 8, 2022),
(240, 68, 0, 28, 8, 2022),
(241, 68, 0, 29, 8, 2022),
(242, 68, 0, 30, 8, 2022),
(243, 68, 0, 1, 9, 2022),
(244, 68, 0, 2, 9, 2022),
(245, 68, 0, 3, 9, 2022),
(246, 68, 0, 4, 9, 2022),
(247, 68, 0, 5, 9, 2022),
(248, 68, 0, 6, 9, 2022),
(249, 68, 0, 7, 9, 2022),
(250, 68, 0, 8, 9, 2022),
(251, 68, 0, 9, 9, 2022),
(252, 68, 0, 10, 9, 2022),
(253, 68, 0, 11, 9, 2022),
(254, 68, 0, 12, 9, 2022),
(255, 68, 0, 13, 9, 2022),
(256, 68, 0, 14, 9, 2022),
(257, 68, 0, 15, 9, 2022),
(258, 68, 0, 16, 9, 2022),
(259, 68, 0, 17, 9, 2022),
(260, 68, 0, 18, 9, 2022),
(261, 68, 0, 19, 9, 2022),
(262, 68, 0, 20, 9, 2022),
(263, 68, 0, 21, 9, 2022),
(264, 68, 0, 22, 9, 2022),
(265, 68, 0, 23, 9, 2022),
(266, 68, 0, 24, 9, 2022),
(267, 68, 0, 25, 9, 2022),
(268, 68, 0, 26, 9, 2022),
(269, 68, 0, 27, 9, 2022),
(270, 68, 0, 28, 9, 2022),
(271, 68, 0, 29, 9, 2022),
(272, 68, 0, 30, 9, 2022),
(273, 68, 0, 31, 9, 2022),
(274, 68, 0, 1, 10, 2022),
(275, 68, 0, 2, 10, 2022),
(276, 68, 0, 3, 10, 2022),
(277, 68, 0, 4, 10, 2022),
(278, 68, 0, 5, 10, 2022),
(279, 68, 0, 6, 10, 2022),
(280, 68, 0, 7, 10, 2022),
(281, 68, 0, 8, 10, 2022),
(282, 68, 0, 9, 10, 2022),
(283, 68, 0, 10, 10, 2022),
(284, 68, 0, 11, 10, 2022),
(285, 68, 0, 12, 10, 2022),
(286, 68, 0, 13, 10, 2022),
(287, 68, 0, 14, 10, 2022),
(288, 68, 0, 15, 10, 2022),
(289, 68, 0, 16, 10, 2022),
(290, 68, 0, 17, 10, 2022),
(291, 68, 0, 18, 10, 2022),
(292, 68, 0, 19, 10, 2022),
(293, 68, 0, 20, 10, 2022),
(294, 68, 0, 21, 10, 2022),
(295, 68, 0, 22, 10, 2022),
(296, 68, 0, 23, 10, 2022),
(297, 68, 0, 24, 10, 2022),
(298, 68, 0, 25, 10, 2022),
(299, 68, 0, 26, 10, 2022),
(300, 68, 0, 27, 10, 2022),
(301, 68, 0, 28, 10, 2022),
(302, 68, 0, 29, 10, 2022),
(303, 68, 0, 30, 10, 2022),
(304, 68, 0, 1, 11, 2022),
(305, 68, 0, 2, 11, 2022),
(306, 68, 0, 3, 11, 2022),
(307, 68, 0, 4, 11, 2022),
(308, 68, 0, 5, 11, 2022),
(309, 68, 0, 6, 11, 2022),
(310, 68, 0, 7, 11, 2022),
(311, 68, 0, 8, 11, 2022),
(312, 68, 0, 9, 11, 2022),
(313, 68, 0, 10, 11, 2022),
(314, 68, 0, 11, 11, 2022),
(315, 68, 0, 12, 11, 2022),
(316, 68, 0, 13, 11, 2022),
(317, 68, 0, 14, 11, 2022),
(318, 68, 0, 15, 11, 2022),
(319, 68, 0, 16, 11, 2022),
(320, 68, 0, 17, 11, 2022),
(321, 68, 0, 18, 11, 2022),
(322, 68, 0, 19, 11, 2022),
(323, 68, 0, 20, 11, 2022),
(324, 68, 0, 21, 11, 2022),
(325, 68, 0, 22, 11, 2022),
(326, 68, 0, 23, 11, 2022),
(327, 68, 0, 24, 11, 2022),
(328, 68, 0, 25, 11, 2022),
(329, 68, 0, 26, 11, 2022),
(330, 68, 0, 27, 11, 2022),
(331, 68, 0, 28, 11, 2022),
(332, 68, 0, 29, 11, 2022),
(333, 68, 0, 30, 11, 2022),
(334, 68, 0, 31, 11, 2022),
(335, 68, 0, 1, 12, 2022),
(336, 68, 0, 2, 12, 2022),
(337, 68, 0, 3, 12, 2022),
(338, 68, 0, 4, 12, 2022),
(339, 68, 0, 5, 12, 2022),
(340, 68, 0, 6, 12, 2022),
(341, 68, 0, 7, 12, 2022),
(342, 68, 0, 8, 12, 2022),
(343, 68, 0, 9, 12, 2022),
(344, 68, 0, 10, 12, 2022),
(345, 68, 0, 11, 12, 2022),
(346, 68, 0, 12, 12, 2022),
(347, 68, 0, 13, 12, 2022),
(348, 68, 0, 14, 12, 2022),
(349, 68, 0, 15, 12, 2022),
(350, 68, 0, 16, 12, 2022),
(351, 68, 0, 17, 12, 2022),
(352, 68, 0, 18, 12, 2022),
(353, 68, 0, 19, 12, 2022),
(354, 68, 0, 20, 12, 2022),
(355, 68, 0, 21, 12, 2022),
(356, 68, 0, 22, 12, 2022),
(357, 68, 0, 23, 12, 2022),
(358, 68, 0, 24, 12, 2022),
(359, 68, 0, 25, 12, 2022),
(360, 68, 0, 26, 12, 2022),
(361, 68, 0, 27, 12, 2022),
(362, 68, 0, 28, 12, 2022),
(363, 68, 0, 29, 12, 2022),
(364, 68, 0, 30, 12, 2022),
(365, 69, 0, 1, 1, 2022),
(366, 69, 0, 2, 1, 2022),
(367, 69, 0, 3, 1, 2022),
(368, 69, 0, 4, 1, 2022),
(369, 69, 0, 5, 1, 2022),
(370, 69, 0, 6, 1, 2022),
(371, 69, 0, 7, 1, 2022),
(372, 69, 0, 8, 1, 2022),
(373, 69, 0, 9, 1, 2022),
(374, 69, 0, 10, 1, 2022),
(375, 69, 0, 11, 1, 2022),
(376, 69, 0, 12, 1, 2022),
(377, 69, 0, 13, 1, 2022),
(378, 69, 0, 14, 1, 2022),
(379, 69, 0, 15, 1, 2022),
(380, 69, 0, 16, 1, 2022),
(381, 69, 0, 17, 1, 2022),
(382, 69, 0, 18, 1, 2022),
(383, 69, 0, 19, 1, 2022),
(384, 69, 0, 20, 1, 2022),
(385, 69, 0, 21, 1, 2022),
(386, 69, 0, 22, 1, 2022),
(387, 69, 0, 23, 1, 2022),
(388, 69, 0, 24, 1, 2022),
(389, 69, 0, 25, 1, 2022),
(390, 69, 0, 26, 1, 2022),
(391, 69, 0, 27, 1, 2022),
(392, 69, 0, 28, 1, 2022),
(393, 69, 0, 29, 1, 2022),
(394, 69, 0, 30, 1, 2022),
(395, 69, 0, 31, 1, 2022),
(396, 69, 0, 1, 2, 2022),
(397, 69, 0, 2, 2, 2022),
(398, 69, 0, 3, 2, 2022),
(399, 69, 0, 4, 2, 2022),
(400, 69, 0, 5, 2, 2022),
(401, 69, 0, 6, 2, 2022),
(402, 69, 0, 7, 2, 2022),
(403, 69, 0, 8, 2, 2022),
(404, 69, 0, 9, 2, 2022),
(405, 69, 0, 10, 2, 2022),
(406, 69, 0, 11, 2, 2022),
(407, 69, 0, 12, 2, 2022),
(408, 69, 0, 13, 2, 2022),
(409, 69, 0, 14, 2, 2022),
(410, 69, 0, 15, 2, 2022),
(411, 69, 0, 16, 2, 2022),
(412, 69, 0, 17, 2, 2022),
(413, 69, 0, 18, 2, 2022),
(414, 69, 0, 19, 2, 2022),
(415, 69, 0, 20, 2, 2022),
(416, 69, 0, 21, 2, 2022),
(417, 69, 0, 22, 2, 2022),
(418, 69, 0, 23, 2, 2022),
(419, 69, 0, 24, 2, 2022),
(420, 69, 0, 25, 2, 2022),
(421, 69, 0, 26, 2, 2022),
(422, 69, 0, 27, 2, 2022),
(423, 69, 0, 28, 2, 2022),
(424, 69, 0, 1, 3, 2022),
(425, 69, 0, 2, 3, 2022),
(426, 69, 0, 3, 3, 2022),
(427, 69, 0, 4, 3, 2022),
(428, 69, 0, 5, 3, 2022),
(429, 69, 0, 6, 3, 2022),
(430, 69, 0, 7, 3, 2022),
(431, 69, 0, 8, 3, 2022),
(432, 69, 0, 9, 3, 2022),
(433, 69, 0, 10, 3, 2022),
(434, 69, 0, 11, 3, 2022),
(435, 69, 0, 12, 3, 2022),
(436, 69, 0, 13, 3, 2022),
(437, 69, 0, 14, 3, 2022),
(438, 69, 0, 15, 3, 2022),
(439, 69, 0, 16, 3, 2022),
(440, 69, 0, 17, 3, 2022),
(441, 69, 0, 18, 3, 2022),
(442, 69, 0, 19, 3, 2022),
(443, 69, 0, 20, 3, 2022),
(444, 69, 0, 21, 3, 2022),
(445, 69, 0, 22, 3, 2022),
(446, 69, 0, 23, 3, 2022),
(447, 69, 0, 24, 3, 2022),
(448, 69, 0, 25, 3, 2022),
(449, 69, 0, 26, 3, 2022),
(450, 69, 0, 27, 3, 2022),
(451, 69, 0, 28, 3, 2022),
(452, 69, 0, 29, 3, 2022),
(453, 69, 0, 30, 3, 2022),
(454, 69, 0, 31, 3, 2022),
(455, 69, 0, 1, 4, 2022),
(456, 69, 0, 2, 4, 2022),
(457, 69, 0, 3, 4, 2022),
(458, 69, 0, 4, 4, 2022),
(459, 69, 0, 5, 4, 2022),
(460, 69, 0, 6, 4, 2022),
(461, 69, 0, 7, 4, 2022),
(462, 69, 0, 8, 4, 2022),
(463, 69, 0, 9, 4, 2022),
(464, 69, 0, 10, 4, 2022),
(465, 69, 0, 11, 4, 2022),
(466, 69, 0, 12, 4, 2022),
(467, 69, 0, 13, 4, 2022),
(468, 69, 0, 14, 4, 2022),
(469, 69, 0, 15, 4, 2022),
(470, 69, 0, 16, 4, 2022),
(471, 69, 0, 17, 4, 2022),
(472, 69, 0, 18, 4, 2022),
(473, 69, 0, 19, 4, 2022),
(474, 69, 0, 20, 4, 2022),
(475, 69, 0, 21, 4, 2022),
(476, 69, 0, 22, 4, 2022),
(477, 69, 0, 23, 4, 2022),
(478, 69, 0, 24, 4, 2022),
(479, 69, 0, 25, 4, 2022),
(480, 69, 0, 26, 4, 2022),
(481, 69, 0, 27, 4, 2022),
(482, 69, 0, 28, 4, 2022),
(483, 69, 0, 29, 4, 2022),
(484, 69, 0, 30, 4, 2022),
(485, 69, 0, 1, 5, 2022),
(486, 69, 0, 2, 5, 2022),
(487, 69, 0, 3, 5, 2022),
(488, 69, 0, 4, 5, 2022),
(489, 69, 0, 5, 5, 2022),
(490, 69, 0, 6, 5, 2022),
(491, 69, 0, 7, 5, 2022),
(492, 69, 0, 8, 5, 2022),
(493, 69, 0, 9, 5, 2022),
(494, 69, 0, 10, 5, 2022),
(495, 69, 0, 11, 5, 2022),
(496, 69, 0, 12, 5, 2022),
(497, 69, 0, 13, 5, 2022),
(498, 69, 0, 14, 5, 2022),
(499, 69, 0, 15, 5, 2022),
(500, 69, 0, 16, 5, 2022),
(501, 69, 0, 17, 5, 2022),
(502, 69, 0, 18, 5, 2022),
(503, 69, 0, 19, 5, 2022),
(504, 69, 0, 20, 5, 2022),
(505, 69, 0, 21, 5, 2022),
(506, 69, 0, 22, 5, 2022),
(507, 69, 0, 23, 5, 2022),
(508, 69, 0, 24, 5, 2022),
(509, 69, 0, 25, 5, 2022),
(510, 69, 0, 26, 5, 2022),
(511, 69, 0, 27, 5, 2022),
(512, 69, 0, 28, 5, 2022),
(513, 69, 0, 29, 5, 2022),
(514, 69, 0, 30, 5, 2022),
(515, 69, 0, 31, 5, 2022),
(516, 69, 0, 1, 6, 2022),
(517, 69, 0, 2, 6, 2022),
(518, 69, 0, 3, 6, 2022),
(519, 69, 0, 4, 6, 2022),
(520, 69, 0, 5, 6, 2022),
(521, 69, 0, 6, 6, 2022),
(522, 69, 0, 7, 6, 2022),
(523, 69, 0, 8, 6, 2022),
(524, 69, 0, 9, 6, 2022),
(525, 69, 0, 10, 6, 2022),
(526, 69, 0, 11, 6, 2022),
(527, 69, 0, 12, 6, 2022),
(528, 69, 0, 13, 6, 2022),
(529, 69, 0, 14, 6, 2022),
(530, 69, 0, 15, 6, 2022),
(531, 69, 0, 16, 6, 2022),
(532, 69, 0, 17, 6, 2022),
(533, 69, 0, 18, 6, 2022),
(534, 69, 0, 19, 6, 2022),
(535, 69, 0, 20, 6, 2022),
(536, 69, 0, 21, 6, 2022),
(537, 69, 0, 22, 6, 2022),
(538, 69, 0, 23, 6, 2022),
(539, 69, 0, 24, 6, 2022),
(540, 69, 0, 25, 6, 2022),
(541, 69, 0, 26, 6, 2022),
(542, 69, 0, 27, 6, 2022),
(543, 69, 0, 28, 6, 2022),
(544, 69, 0, 29, 6, 2022),
(545, 69, 0, 30, 6, 2022),
(546, 69, 0, 1, 7, 2022),
(547, 69, 0, 2, 7, 2022),
(548, 69, 0, 3, 7, 2022),
(549, 69, 0, 4, 7, 2022),
(550, 69, 0, 5, 7, 2022),
(551, 69, 0, 6, 7, 2022),
(552, 69, 0, 7, 7, 2022),
(553, 69, 0, 8, 7, 2022),
(554, 69, 0, 9, 7, 2022),
(555, 69, 0, 10, 7, 2022),
(556, 69, 0, 11, 7, 2022),
(557, 69, 0, 12, 7, 2022),
(558, 69, 0, 13, 7, 2022),
(559, 69, 0, 14, 7, 2022),
(560, 69, 0, 15, 7, 2022),
(561, 69, 0, 16, 7, 2022),
(562, 69, 0, 17, 7, 2022),
(563, 69, 0, 18, 7, 2022),
(564, 69, 0, 19, 7, 2022),
(565, 69, 0, 20, 7, 2022),
(566, 69, 0, 21, 7, 2022),
(567, 69, 0, 22, 7, 2022),
(568, 69, 0, 23, 7, 2022),
(569, 69, 0, 24, 7, 2022),
(570, 69, 0, 25, 7, 2022),
(571, 69, 0, 26, 7, 2022),
(572, 69, 0, 27, 7, 2022),
(573, 69, 0, 28, 7, 2022),
(574, 69, 0, 29, 7, 2022),
(575, 69, 0, 30, 7, 2022),
(576, 69, 0, 31, 7, 2022),
(577, 69, 0, 1, 8, 2022),
(578, 69, 0, 2, 8, 2022),
(579, 69, 0, 3, 8, 2022),
(580, 69, 0, 4, 8, 2022),
(581, 69, 0, 5, 8, 2022),
(582, 69, 0, 6, 8, 2022),
(583, 69, 0, 7, 8, 2022),
(584, 69, 0, 8, 8, 2022),
(585, 69, 0, 9, 8, 2022),
(586, 69, 0, 10, 8, 2022),
(587, 69, 0, 11, 8, 2022),
(588, 69, 0, 12, 8, 2022),
(589, 69, 0, 13, 8, 2022),
(590, 69, 0, 14, 8, 2022),
(591, 69, 0, 15, 8, 2022),
(592, 69, 0, 16, 8, 2022),
(593, 69, 0, 17, 8, 2022),
(594, 69, 0, 18, 8, 2022),
(595, 69, 0, 19, 8, 2022),
(596, 69, 0, 20, 8, 2022),
(597, 69, 0, 21, 8, 2022),
(598, 69, 0, 22, 8, 2022),
(599, 69, 0, 23, 8, 2022),
(600, 69, 0, 24, 8, 2022),
(601, 69, 0, 25, 8, 2022),
(602, 69, 0, 26, 8, 2022),
(603, 69, 0, 27, 8, 2022),
(604, 69, 0, 28, 8, 2022),
(605, 69, 0, 29, 8, 2022),
(606, 69, 0, 30, 8, 2022),
(607, 69, 0, 1, 9, 2022),
(608, 69, 0, 2, 9, 2022),
(609, 69, 0, 3, 9, 2022),
(610, 69, 0, 4, 9, 2022),
(611, 69, 0, 5, 9, 2022),
(612, 69, 0, 6, 9, 2022),
(613, 69, 0, 7, 9, 2022),
(614, 69, 0, 8, 9, 2022),
(615, 69, 0, 9, 9, 2022),
(616, 69, 0, 10, 9, 2022),
(617, 69, 0, 11, 9, 2022),
(618, 69, 0, 12, 9, 2022),
(619, 69, 0, 13, 9, 2022),
(620, 69, 0, 14, 9, 2022),
(621, 69, 0, 15, 9, 2022),
(622, 69, 0, 16, 9, 2022),
(623, 69, 0, 17, 9, 2022),
(624, 69, 0, 18, 9, 2022),
(625, 69, 0, 19, 9, 2022),
(626, 69, 0, 20, 9, 2022),
(627, 69, 0, 21, 9, 2022),
(628, 69, 0, 22, 9, 2022),
(629, 69, 0, 23, 9, 2022),
(630, 69, 0, 24, 9, 2022),
(631, 69, 0, 25, 9, 2022),
(632, 69, 0, 26, 9, 2022),
(633, 69, 0, 27, 9, 2022),
(634, 69, 0, 28, 9, 2022),
(635, 69, 0, 29, 9, 2022),
(636, 69, 0, 30, 9, 2022),
(637, 69, 0, 31, 9, 2022),
(638, 69, 0, 1, 10, 2022),
(639, 69, 0, 2, 10, 2022),
(640, 69, 0, 3, 10, 2022),
(641, 69, 0, 4, 10, 2022),
(642, 69, 0, 5, 10, 2022),
(643, 69, 0, 6, 10, 2022),
(644, 69, 0, 7, 10, 2022),
(645, 69, 0, 8, 10, 2022),
(646, 69, 0, 9, 10, 2022),
(647, 69, 0, 10, 10, 2022),
(648, 69, 0, 11, 10, 2022),
(649, 69, 0, 12, 10, 2022),
(650, 69, 0, 13, 10, 2022),
(651, 69, 0, 14, 10, 2022),
(652, 69, 0, 15, 10, 2022),
(653, 69, 0, 16, 10, 2022),
(654, 69, 0, 17, 10, 2022),
(655, 69, 0, 18, 10, 2022),
(656, 69, 0, 19, 10, 2022),
(657, 69, 0, 20, 10, 2022),
(658, 69, 0, 21, 10, 2022),
(659, 69, 0, 22, 10, 2022),
(660, 69, 0, 23, 10, 2022),
(661, 69, 0, 24, 10, 2022),
(662, 69, 0, 25, 10, 2022),
(663, 69, 0, 26, 10, 2022),
(664, 69, 0, 27, 10, 2022),
(665, 69, 0, 28, 10, 2022),
(666, 69, 0, 29, 10, 2022),
(667, 69, 0, 30, 10, 2022),
(668, 69, 0, 1, 11, 2022),
(669, 69, 0, 2, 11, 2022),
(670, 69, 0, 3, 11, 2022),
(671, 69, 0, 4, 11, 2022),
(672, 69, 0, 5, 11, 2022),
(673, 69, 0, 6, 11, 2022),
(674, 69, 0, 7, 11, 2022),
(675, 69, 0, 8, 11, 2022),
(676, 69, 0, 9, 11, 2022),
(677, 69, 0, 10, 11, 2022),
(678, 69, 0, 11, 11, 2022),
(679, 69, 0, 12, 11, 2022),
(680, 69, 0, 13, 11, 2022),
(681, 69, 0, 14, 11, 2022),
(682, 69, 0, 15, 11, 2022),
(683, 69, 0, 16, 11, 2022),
(684, 69, 0, 17, 11, 2022),
(685, 69, 0, 18, 11, 2022),
(686, 69, 0, 19, 11, 2022),
(687, 69, 0, 20, 11, 2022),
(688, 69, 0, 21, 11, 2022),
(689, 69, 0, 22, 11, 2022),
(690, 69, 0, 23, 11, 2022),
(691, 69, 0, 24, 11, 2022),
(692, 69, 0, 25, 11, 2022),
(693, 69, 0, 26, 11, 2022),
(694, 69, 0, 27, 11, 2022),
(695, 69, 0, 28, 11, 2022),
(696, 69, 0, 29, 11, 2022),
(697, 69, 0, 30, 11, 2022),
(698, 69, 0, 31, 11, 2022),
(699, 69, 0, 1, 12, 2022),
(700, 69, 0, 2, 12, 2022),
(701, 69, 0, 3, 12, 2022),
(702, 69, 0, 4, 12, 2022),
(703, 69, 0, 5, 12, 2022),
(704, 69, 0, 6, 12, 2022),
(705, 69, 0, 7, 12, 2022),
(706, 69, 0, 8, 12, 2022),
(707, 69, 0, 9, 12, 2022),
(708, 69, 0, 10, 12, 2022),
(709, 69, 0, 11, 12, 2022),
(710, 69, 0, 12, 12, 2022),
(711, 69, 0, 13, 12, 2022),
(712, 69, 0, 14, 12, 2022),
(713, 69, 0, 15, 12, 2022),
(714, 69, 0, 16, 12, 2022),
(715, 69, 0, 17, 12, 2022),
(716, 69, 0, 18, 12, 2022),
(717, 69, 0, 19, 12, 2022),
(718, 69, 0, 20, 12, 2022),
(719, 69, 0, 21, 12, 2022),
(720, 69, 0, 22, 12, 2022),
(721, 69, 0, 23, 12, 2022),
(722, 69, 0, 24, 12, 2022),
(723, 69, 0, 25, 12, 2022),
(724, 69, 0, 26, 12, 2022),
(725, 69, 0, 27, 12, 2022),
(726, 69, 0, 28, 12, 2022),
(727, 69, 0, 29, 12, 2022),
(728, 69, 0, 30, 12, 2022),
(729, 70, 0, 1, 1, 2022),
(730, 70, 0, 2, 1, 2022),
(731, 70, 0, 3, 1, 2022),
(732, 70, 0, 4, 1, 2022),
(733, 70, 0, 5, 1, 2022),
(734, 70, 0, 6, 1, 2022),
(735, 70, 0, 7, 1, 2022),
(736, 70, 0, 8, 1, 2022),
(737, 70, 0, 9, 1, 2022),
(738, 70, 0, 10, 1, 2022),
(739, 70, 0, 11, 1, 2022),
(740, 70, 0, 12, 1, 2022),
(741, 70, 0, 13, 1, 2022),
(742, 70, 0, 14, 1, 2022),
(743, 70, 0, 15, 1, 2022),
(744, 70, 0, 16, 1, 2022),
(745, 70, 0, 17, 1, 2022),
(746, 70, 0, 18, 1, 2022),
(747, 70, 0, 19, 1, 2022),
(748, 70, 0, 20, 1, 2022),
(749, 70, 0, 21, 1, 2022),
(750, 70, 0, 22, 1, 2022),
(751, 70, 0, 23, 1, 2022),
(752, 70, 0, 24, 1, 2022),
(753, 70, 0, 25, 1, 2022),
(754, 70, 0, 26, 1, 2022),
(755, 70, 0, 27, 1, 2022),
(756, 70, 0, 28, 1, 2022),
(757, 70, 0, 29, 1, 2022),
(758, 70, 0, 30, 1, 2022),
(759, 70, 0, 31, 1, 2022),
(760, 70, 0, 1, 2, 2022),
(761, 70, 0, 2, 2, 2022),
(762, 70, 0, 3, 2, 2022),
(763, 70, 0, 4, 2, 2022),
(764, 70, 0, 5, 2, 2022),
(765, 70, 0, 6, 2, 2022),
(766, 70, 0, 7, 2, 2022),
(767, 70, 0, 8, 2, 2022),
(768, 70, 0, 9, 2, 2022),
(769, 70, 0, 10, 2, 2022),
(770, 70, 0, 11, 2, 2022),
(771, 70, 0, 12, 2, 2022),
(772, 70, 0, 13, 2, 2022),
(773, 70, 0, 14, 2, 2022),
(774, 70, 0, 15, 2, 2022),
(775, 70, 0, 16, 2, 2022),
(776, 70, 0, 17, 2, 2022),
(777, 70, 0, 18, 2, 2022),
(778, 70, 0, 19, 2, 2022),
(779, 70, 0, 20, 2, 2022),
(780, 70, 0, 21, 2, 2022),
(781, 70, 0, 22, 2, 2022),
(782, 70, 0, 23, 2, 2022),
(783, 70, 0, 24, 2, 2022),
(784, 70, 0, 25, 2, 2022),
(785, 70, 0, 26, 2, 2022),
(786, 70, 0, 27, 2, 2022),
(787, 70, 0, 28, 2, 2022),
(788, 70, 0, 1, 3, 2022),
(789, 70, 0, 2, 3, 2022),
(790, 70, 0, 3, 3, 2022),
(791, 70, 0, 4, 3, 2022),
(792, 70, 0, 5, 3, 2022),
(793, 70, 0, 6, 3, 2022),
(794, 70, 0, 7, 3, 2022),
(795, 70, 0, 8, 3, 2022),
(796, 70, 0, 9, 3, 2022),
(797, 70, 0, 10, 3, 2022),
(798, 70, 0, 11, 3, 2022),
(799, 70, 0, 12, 3, 2022),
(800, 70, 0, 13, 3, 2022),
(801, 70, 0, 14, 3, 2022),
(802, 70, 0, 15, 3, 2022),
(803, 70, 0, 16, 3, 2022),
(804, 70, 0, 17, 3, 2022),
(805, 70, 0, 18, 3, 2022),
(806, 70, 0, 19, 3, 2022),
(807, 70, 0, 20, 3, 2022),
(808, 70, 0, 21, 3, 2022),
(809, 70, 0, 22, 3, 2022),
(810, 70, 0, 23, 3, 2022),
(811, 70, 0, 24, 3, 2022),
(812, 70, 0, 25, 3, 2022),
(813, 70, 0, 26, 3, 2022),
(814, 70, 0, 27, 3, 2022),
(815, 70, 0, 28, 3, 2022),
(816, 70, 0, 29, 3, 2022),
(817, 70, 0, 30, 3, 2022),
(818, 70, 0, 31, 3, 2022),
(819, 70, 0, 1, 4, 2022),
(820, 70, 0, 2, 4, 2022),
(821, 70, 0, 3, 4, 2022),
(822, 70, 0, 4, 4, 2022),
(823, 70, 0, 5, 4, 2022),
(824, 70, 0, 6, 4, 2022),
(825, 70, 0, 7, 4, 2022),
(826, 70, 0, 8, 4, 2022),
(827, 70, 0, 9, 4, 2022),
(828, 70, 0, 10, 4, 2022),
(829, 70, 0, 11, 4, 2022),
(830, 70, 0, 12, 4, 2022),
(831, 70, 0, 13, 4, 2022),
(832, 70, 0, 14, 4, 2022),
(833, 70, 0, 15, 4, 2022),
(834, 70, 0, 16, 4, 2022),
(835, 70, 0, 17, 4, 2022),
(836, 70, 0, 18, 4, 2022),
(837, 70, 0, 19, 4, 2022),
(838, 70, 0, 20, 4, 2022),
(839, 70, 0, 21, 4, 2022),
(840, 70, 0, 22, 4, 2022),
(841, 70, 0, 23, 4, 2022),
(842, 70, 0, 24, 4, 2022),
(843, 70, 0, 25, 4, 2022),
(844, 70, 0, 26, 4, 2022),
(845, 70, 0, 27, 4, 2022),
(846, 70, 0, 28, 4, 2022),
(847, 70, 0, 29, 4, 2022),
(848, 70, 0, 30, 4, 2022),
(849, 70, 0, 1, 5, 2022),
(850, 70, 0, 2, 5, 2022),
(851, 70, 0, 3, 5, 2022),
(852, 70, 0, 4, 5, 2022),
(853, 70, 0, 5, 5, 2022),
(854, 70, 0, 6, 5, 2022),
(855, 70, 0, 7, 5, 2022),
(856, 70, 0, 8, 5, 2022),
(857, 70, 0, 9, 5, 2022),
(858, 70, 0, 10, 5, 2022),
(859, 70, 0, 11, 5, 2022),
(860, 70, 0, 12, 5, 2022),
(861, 70, 0, 13, 5, 2022),
(862, 70, 0, 14, 5, 2022),
(863, 70, 0, 15, 5, 2022),
(864, 70, 0, 16, 5, 2022),
(865, 70, 0, 17, 5, 2022),
(866, 70, 0, 18, 5, 2022),
(867, 70, 0, 19, 5, 2022),
(868, 70, 0, 20, 5, 2022),
(869, 70, 0, 21, 5, 2022),
(870, 70, 0, 22, 5, 2022),
(871, 70, 0, 23, 5, 2022),
(872, 70, 0, 24, 5, 2022),
(873, 70, 0, 25, 5, 2022),
(874, 70, 0, 26, 5, 2022),
(875, 70, 0, 27, 5, 2022),
(876, 70, 0, 28, 5, 2022),
(877, 70, 0, 29, 5, 2022),
(878, 70, 0, 30, 5, 2022),
(879, 70, 0, 31, 5, 2022),
(880, 70, 0, 1, 6, 2022),
(881, 70, 0, 2, 6, 2022),
(882, 70, 0, 3, 6, 2022),
(883, 70, 0, 4, 6, 2022),
(884, 70, 0, 5, 6, 2022),
(885, 70, 0, 6, 6, 2022),
(886, 70, 0, 7, 6, 2022),
(887, 70, 0, 8, 6, 2022),
(888, 70, 0, 9, 6, 2022),
(889, 70, 0, 10, 6, 2022),
(890, 70, 0, 11, 6, 2022),
(891, 70, 0, 12, 6, 2022),
(892, 70, 0, 13, 6, 2022),
(893, 70, 0, 14, 6, 2022),
(894, 70, 0, 15, 6, 2022),
(895, 70, 0, 16, 6, 2022),
(896, 70, 0, 17, 6, 2022),
(897, 70, 0, 18, 6, 2022),
(898, 70, 0, 19, 6, 2022),
(899, 70, 0, 20, 6, 2022),
(900, 70, 0, 21, 6, 2022),
(901, 70, 0, 22, 6, 2022),
(902, 70, 0, 23, 6, 2022),
(903, 70, 0, 24, 6, 2022),
(904, 70, 0, 25, 6, 2022),
(905, 70, 0, 26, 6, 2022),
(906, 70, 0, 27, 6, 2022),
(907, 70, 0, 28, 6, 2022),
(908, 70, 0, 29, 6, 2022),
(909, 70, 0, 30, 6, 2022),
(910, 70, 0, 1, 7, 2022),
(911, 70, 0, 2, 7, 2022),
(912, 70, 0, 3, 7, 2022),
(913, 70, 0, 4, 7, 2022),
(914, 70, 0, 5, 7, 2022),
(915, 70, 0, 6, 7, 2022),
(916, 70, 0, 7, 7, 2022),
(917, 70, 0, 8, 7, 2022),
(918, 70, 0, 9, 7, 2022),
(919, 70, 0, 10, 7, 2022),
(920, 70, 0, 11, 7, 2022),
(921, 70, 0, 12, 7, 2022),
(922, 70, 0, 13, 7, 2022),
(923, 70, 0, 14, 7, 2022),
(924, 70, 0, 15, 7, 2022),
(925, 70, 0, 16, 7, 2022),
(926, 70, 0, 17, 7, 2022),
(927, 70, 0, 18, 7, 2022),
(928, 70, 0, 19, 7, 2022),
(929, 70, 0, 20, 7, 2022),
(930, 70, 0, 21, 7, 2022),
(931, 70, 0, 22, 7, 2022),
(932, 70, 0, 23, 7, 2022),
(933, 70, 0, 24, 7, 2022),
(934, 70, 0, 25, 7, 2022),
(935, 70, 0, 26, 7, 2022),
(936, 70, 0, 27, 7, 2022),
(937, 70, 0, 28, 7, 2022),
(938, 70, 0, 29, 7, 2022),
(939, 70, 0, 30, 7, 2022),
(940, 70, 0, 31, 7, 2022),
(941, 70, 0, 1, 8, 2022),
(942, 70, 0, 2, 8, 2022),
(943, 70, 0, 3, 8, 2022),
(944, 70, 0, 4, 8, 2022),
(945, 70, 0, 5, 8, 2022),
(946, 70, 0, 6, 8, 2022),
(947, 70, 0, 7, 8, 2022),
(948, 70, 0, 8, 8, 2022),
(949, 70, 0, 9, 8, 2022),
(950, 70, 0, 10, 8, 2022),
(951, 70, 0, 11, 8, 2022),
(952, 70, 0, 12, 8, 2022),
(953, 70, 0, 13, 8, 2022),
(954, 70, 0, 14, 8, 2022),
(955, 70, 0, 15, 8, 2022),
(956, 70, 0, 16, 8, 2022),
(957, 70, 0, 17, 8, 2022),
(958, 70, 0, 18, 8, 2022),
(959, 70, 0, 19, 8, 2022),
(960, 70, 0, 20, 8, 2022),
(961, 70, 0, 21, 8, 2022),
(962, 70, 0, 22, 8, 2022),
(963, 70, 0, 23, 8, 2022),
(964, 70, 0, 24, 8, 2022),
(965, 70, 0, 25, 8, 2022),
(966, 70, 0, 26, 8, 2022),
(967, 70, 0, 27, 8, 2022),
(968, 70, 0, 28, 8, 2022),
(969, 70, 0, 29, 8, 2022),
(970, 70, 0, 30, 8, 2022),
(971, 70, 0, 1, 9, 2022),
(972, 70, 0, 2, 9, 2022),
(973, 70, 0, 3, 9, 2022),
(974, 70, 0, 4, 9, 2022),
(975, 70, 0, 5, 9, 2022),
(976, 70, 0, 6, 9, 2022),
(977, 70, 0, 7, 9, 2022),
(978, 70, 0, 8, 9, 2022),
(979, 70, 0, 9, 9, 2022),
(980, 70, 0, 10, 9, 2022),
(981, 70, 0, 11, 9, 2022),
(982, 70, 0, 12, 9, 2022),
(983, 70, 0, 13, 9, 2022),
(984, 70, 0, 14, 9, 2022),
(985, 70, 0, 15, 9, 2022),
(986, 70, 0, 16, 9, 2022),
(987, 70, 0, 17, 9, 2022),
(988, 70, 0, 18, 9, 2022),
(989, 70, 0, 19, 9, 2022),
(990, 70, 0, 20, 9, 2022),
(991, 70, 0, 21, 9, 2022),
(992, 70, 0, 22, 9, 2022),
(993, 70, 0, 23, 9, 2022),
(994, 70, 0, 24, 9, 2022),
(995, 70, 0, 25, 9, 2022),
(996, 70, 0, 26, 9, 2022),
(997, 70, 0, 27, 9, 2022),
(998, 70, 0, 28, 9, 2022),
(999, 70, 0, 29, 9, 2022),
(1000, 70, 0, 30, 9, 2022),
(1001, 70, 0, 31, 9, 2022),
(1002, 70, 0, 1, 10, 2022),
(1003, 70, 0, 2, 10, 2022),
(1004, 70, 0, 3, 10, 2022),
(1005, 70, 0, 4, 10, 2022),
(1006, 70, 0, 5, 10, 2022),
(1007, 70, 0, 6, 10, 2022),
(1008, 70, 0, 7, 10, 2022),
(1009, 70, 0, 8, 10, 2022),
(1010, 70, 0, 9, 10, 2022),
(1011, 70, 0, 10, 10, 2022),
(1012, 70, 0, 11, 10, 2022),
(1013, 70, 0, 12, 10, 2022),
(1014, 70, 0, 13, 10, 2022),
(1015, 70, 0, 14, 10, 2022),
(1016, 70, 0, 15, 10, 2022),
(1017, 70, 0, 16, 10, 2022),
(1018, 70, 0, 17, 10, 2022),
(1019, 70, 0, 18, 10, 2022),
(1020, 70, 0, 19, 10, 2022),
(1021, 70, 0, 20, 10, 2022),
(1022, 70, 0, 21, 10, 2022),
(1023, 70, 0, 22, 10, 2022),
(1024, 70, 0, 23, 10, 2022),
(1025, 70, 0, 24, 10, 2022),
(1026, 70, 0, 25, 10, 2022),
(1027, 70, 0, 26, 10, 2022),
(1028, 70, 0, 27, 10, 2022),
(1029, 70, 0, 28, 10, 2022),
(1030, 70, 0, 29, 10, 2022),
(1031, 70, 0, 30, 10, 2022),
(1032, 70, 0, 1, 11, 2022),
(1033, 70, 0, 2, 11, 2022),
(1034, 70, 0, 3, 11, 2022),
(1035, 70, 0, 4, 11, 2022),
(1036, 70, 0, 5, 11, 2022),
(1037, 70, 0, 6, 11, 2022),
(1038, 70, 0, 7, 11, 2022),
(1039, 70, 0, 8, 11, 2022),
(1040, 70, 0, 9, 11, 2022),
(1041, 70, 0, 10, 11, 2022),
(1042, 70, 0, 11, 11, 2022),
(1043, 70, 0, 12, 11, 2022),
(1044, 70, 0, 13, 11, 2022),
(1045, 70, 0, 14, 11, 2022),
(1046, 70, 0, 15, 11, 2022),
(1047, 70, 0, 16, 11, 2022),
(1048, 70, 0, 17, 11, 2022),
(1049, 70, 0, 18, 11, 2022),
(1050, 70, 0, 19, 11, 2022),
(1051, 70, 0, 20, 11, 2022),
(1052, 70, 0, 21, 11, 2022),
(1053, 70, 0, 22, 11, 2022),
(1054, 70, 0, 23, 11, 2022),
(1055, 70, 0, 24, 11, 2022),
(1056, 70, 0, 25, 11, 2022),
(1057, 70, 0, 26, 11, 2022),
(1058, 70, 0, 27, 11, 2022),
(1059, 70, 0, 28, 11, 2022),
(1060, 70, 0, 29, 11, 2022),
(1061, 70, 0, 30, 11, 2022),
(1062, 70, 0, 31, 11, 2022),
(1063, 70, 0, 1, 12, 2022),
(1064, 70, 0, 2, 12, 2022),
(1065, 70, 0, 3, 12, 2022),
(1066, 70, 0, 4, 12, 2022),
(1067, 70, 0, 5, 12, 2022),
(1068, 70, 0, 6, 12, 2022),
(1069, 70, 0, 7, 12, 2022),
(1070, 70, 0, 8, 12, 2022),
(1071, 70, 0, 9, 12, 2022),
(1072, 70, 0, 10, 12, 2022),
(1073, 70, 0, 11, 12, 2022),
(1074, 70, 0, 12, 12, 2022),
(1075, 70, 0, 13, 12, 2022),
(1076, 70, 0, 14, 12, 2022),
(1077, 70, 0, 15, 12, 2022),
(1078, 70, 0, 16, 12, 2022),
(1079, 70, 0, 17, 12, 2022),
(1080, 70, 0, 18, 12, 2022),
(1081, 70, 0, 19, 12, 2022),
(1082, 70, 0, 20, 12, 2022),
(1083, 70, 0, 21, 12, 2022),
(1084, 70, 0, 22, 12, 2022),
(1085, 70, 0, 23, 12, 2022),
(1086, 70, 0, 24, 12, 2022),
(1087, 70, 0, 25, 12, 2022),
(1088, 70, 0, 26, 12, 2022),
(1089, 70, 0, 27, 12, 2022),
(1090, 70, 0, 28, 12, 2022),
(1091, 70, 0, 29, 12, 2022),
(1092, 70, 0, 30, 12, 2022),
(1093, 71, 0, 1, 1, 2022),
(1094, 71, 0, 2, 1, 2022),
(1095, 71, 0, 3, 1, 2022),
(1096, 71, 0, 4, 1, 2022),
(1097, 71, 0, 5, 1, 2022),
(1098, 71, 0, 6, 1, 2022),
(1099, 71, 0, 7, 1, 2022),
(1100, 71, 0, 8, 1, 2022),
(1101, 71, 0, 9, 1, 2022),
(1102, 71, 0, 10, 1, 2022),
(1103, 71, 0, 11, 1, 2022),
(1104, 71, 0, 12, 1, 2022),
(1105, 71, 0, 13, 1, 2022),
(1106, 71, 0, 14, 1, 2022),
(1107, 71, 0, 15, 1, 2022),
(1108, 71, 0, 16, 1, 2022),
(1109, 71, 0, 17, 1, 2022),
(1110, 71, 0, 18, 1, 2022),
(1111, 71, 0, 19, 1, 2022),
(1112, 71, 0, 20, 1, 2022),
(1113, 71, 0, 21, 1, 2022),
(1114, 71, 0, 22, 1, 2022),
(1115, 71, 0, 23, 1, 2022),
(1116, 71, 0, 24, 1, 2022),
(1117, 71, 0, 25, 1, 2022),
(1118, 71, 0, 26, 1, 2022),
(1119, 71, 0, 27, 1, 2022),
(1120, 71, 0, 28, 1, 2022),
(1121, 71, 0, 29, 1, 2022),
(1122, 71, 0, 30, 1, 2022),
(1123, 71, 0, 31, 1, 2022),
(1124, 71, 0, 1, 2, 2022),
(1125, 71, 0, 2, 2, 2022),
(1126, 71, 0, 3, 2, 2022),
(1127, 71, 0, 4, 2, 2022),
(1128, 71, 0, 5, 2, 2022),
(1129, 71, 0, 6, 2, 2022),
(1130, 71, 0, 7, 2, 2022),
(1131, 71, 0, 8, 2, 2022),
(1132, 71, 0, 9, 2, 2022),
(1133, 71, 0, 10, 2, 2022),
(1134, 71, 0, 11, 2, 2022),
(1135, 71, 0, 12, 2, 2022),
(1136, 71, 0, 13, 2, 2022),
(1137, 71, 0, 14, 2, 2022),
(1138, 71, 0, 15, 2, 2022),
(1139, 71, 0, 16, 2, 2022),
(1140, 71, 0, 17, 2, 2022),
(1141, 71, 0, 18, 2, 2022),
(1142, 71, 0, 19, 2, 2022),
(1143, 71, 0, 20, 2, 2022),
(1144, 71, 0, 21, 2, 2022),
(1145, 71, 0, 22, 2, 2022),
(1146, 71, 0, 23, 2, 2022),
(1147, 71, 0, 24, 2, 2022),
(1148, 71, 0, 25, 2, 2022),
(1149, 71, 0, 26, 2, 2022),
(1150, 71, 0, 27, 2, 2022),
(1151, 71, 0, 28, 2, 2022),
(1152, 71, 0, 1, 3, 2022),
(1153, 71, 0, 2, 3, 2022),
(1154, 71, 0, 3, 3, 2022),
(1155, 71, 0, 4, 3, 2022),
(1156, 71, 0, 5, 3, 2022),
(1157, 71, 0, 6, 3, 2022),
(1158, 71, 0, 7, 3, 2022),
(1159, 71, 0, 8, 3, 2022),
(1160, 71, 0, 9, 3, 2022),
(1161, 71, 0, 10, 3, 2022),
(1162, 71, 0, 11, 3, 2022),
(1163, 71, 0, 12, 3, 2022),
(1164, 71, 0, 13, 3, 2022),
(1165, 71, 0, 14, 3, 2022),
(1166, 71, 0, 15, 3, 2022),
(1167, 71, 0, 16, 3, 2022),
(1168, 71, 0, 17, 3, 2022),
(1169, 71, 0, 18, 3, 2022),
(1170, 71, 0, 19, 3, 2022),
(1171, 71, 0, 20, 3, 2022),
(1172, 71, 0, 21, 3, 2022),
(1173, 71, 0, 22, 3, 2022),
(1174, 71, 0, 23, 3, 2022),
(1175, 71, 0, 24, 3, 2022),
(1176, 71, 0, 25, 3, 2022),
(1177, 71, 0, 26, 3, 2022),
(1178, 71, 0, 27, 3, 2022),
(1179, 71, 0, 28, 3, 2022),
(1180, 71, 0, 29, 3, 2022),
(1181, 71, 0, 30, 3, 2022),
(1182, 71, 0, 31, 3, 2022),
(1183, 71, 0, 1, 4, 2022),
(1184, 71, 0, 2, 4, 2022),
(1185, 71, 0, 3, 4, 2022),
(1186, 71, 0, 4, 4, 2022),
(1187, 71, 0, 5, 4, 2022),
(1188, 71, 0, 6, 4, 2022),
(1189, 71, 0, 7, 4, 2022),
(1190, 71, 0, 8, 4, 2022),
(1191, 71, 0, 9, 4, 2022),
(1192, 71, 0, 10, 4, 2022),
(1193, 71, 0, 11, 4, 2022),
(1194, 71, 0, 12, 4, 2022),
(1195, 71, 0, 13, 4, 2022),
(1196, 71, 0, 14, 4, 2022),
(1197, 71, 0, 15, 4, 2022),
(1198, 71, 0, 16, 4, 2022),
(1199, 71, 0, 17, 4, 2022),
(1200, 71, 0, 18, 4, 2022),
(1201, 71, 0, 19, 4, 2022),
(1202, 71, 0, 20, 4, 2022),
(1203, 71, 0, 21, 4, 2022),
(1204, 71, 0, 22, 4, 2022),
(1205, 71, 0, 23, 4, 2022),
(1206, 71, 0, 24, 4, 2022),
(1207, 71, 0, 25, 4, 2022),
(1208, 71, 0, 26, 4, 2022),
(1209, 71, 0, 27, 4, 2022),
(1210, 71, 0, 28, 4, 2022),
(1211, 71, 0, 29, 4, 2022),
(1212, 71, 0, 30, 4, 2022),
(1213, 71, 0, 1, 5, 2022),
(1214, 71, 0, 2, 5, 2022),
(1215, 71, 0, 3, 5, 2022),
(1216, 71, 0, 4, 5, 2022),
(1217, 71, 0, 5, 5, 2022),
(1218, 71, 0, 6, 5, 2022),
(1219, 71, 0, 7, 5, 2022),
(1220, 71, 0, 8, 5, 2022),
(1221, 71, 0, 9, 5, 2022),
(1222, 71, 0, 10, 5, 2022),
(1223, 71, 0, 11, 5, 2022),
(1224, 71, 0, 12, 5, 2022),
(1225, 71, 0, 13, 5, 2022),
(1226, 71, 0, 14, 5, 2022),
(1227, 71, 0, 15, 5, 2022),
(1228, 71, 0, 16, 5, 2022),
(1229, 71, 0, 17, 5, 2022),
(1230, 71, 0, 18, 5, 2022),
(1231, 71, 0, 19, 5, 2022),
(1232, 71, 0, 20, 5, 2022),
(1233, 71, 0, 21, 5, 2022),
(1234, 71, 0, 22, 5, 2022),
(1235, 71, 0, 23, 5, 2022),
(1236, 71, 0, 24, 5, 2022),
(1237, 71, 0, 25, 5, 2022),
(1238, 71, 0, 26, 5, 2022),
(1239, 71, 0, 27, 5, 2022),
(1240, 71, 0, 28, 5, 2022),
(1241, 71, 0, 29, 5, 2022),
(1242, 71, 0, 30, 5, 2022),
(1243, 71, 0, 31, 5, 2022),
(1244, 71, 0, 1, 6, 2022),
(1245, 71, 0, 2, 6, 2022),
(1246, 71, 0, 3, 6, 2022),
(1247, 71, 0, 4, 6, 2022),
(1248, 71, 0, 5, 6, 2022),
(1249, 71, 0, 6, 6, 2022),
(1250, 71, 0, 7, 6, 2022),
(1251, 71, 0, 8, 6, 2022),
(1252, 71, 0, 9, 6, 2022),
(1253, 71, 0, 10, 6, 2022),
(1254, 71, 0, 11, 6, 2022),
(1255, 71, 0, 12, 6, 2022),
(1256, 71, 0, 13, 6, 2022),
(1257, 71, 0, 14, 6, 2022),
(1258, 71, 0, 15, 6, 2022),
(1259, 71, 0, 16, 6, 2022),
(1260, 71, 0, 17, 6, 2022),
(1261, 71, 0, 18, 6, 2022),
(1262, 71, 0, 19, 6, 2022),
(1263, 71, 0, 20, 6, 2022),
(1264, 71, 0, 21, 6, 2022),
(1265, 71, 0, 22, 6, 2022),
(1266, 71, 0, 23, 6, 2022),
(1267, 71, 0, 24, 6, 2022),
(1268, 71, 0, 25, 6, 2022),
(1269, 71, 0, 26, 6, 2022),
(1270, 71, 0, 27, 6, 2022),
(1271, 71, 0, 28, 6, 2022),
(1272, 71, 0, 29, 6, 2022),
(1273, 71, 0, 30, 6, 2022),
(1274, 71, 0, 1, 7, 2022),
(1275, 71, 0, 2, 7, 2022),
(1276, 71, 0, 3, 7, 2022),
(1277, 71, 0, 4, 7, 2022),
(1278, 71, 0, 5, 7, 2022),
(1279, 71, 0, 6, 7, 2022),
(1280, 71, 0, 7, 7, 2022),
(1281, 71, 0, 8, 7, 2022),
(1282, 71, 0, 9, 7, 2022),
(1283, 71, 0, 10, 7, 2022),
(1284, 71, 0, 11, 7, 2022),
(1285, 71, 0, 12, 7, 2022),
(1286, 71, 0, 13, 7, 2022),
(1287, 71, 0, 14, 7, 2022),
(1288, 71, 0, 15, 7, 2022),
(1289, 71, 0, 16, 7, 2022),
(1290, 71, 0, 17, 7, 2022),
(1291, 71, 0, 18, 7, 2022),
(1292, 71, 0, 19, 7, 2022),
(1293, 71, 0, 20, 7, 2022),
(1294, 71, 0, 21, 7, 2022),
(1295, 71, 0, 22, 7, 2022),
(1296, 71, 0, 23, 7, 2022),
(1297, 71, 0, 24, 7, 2022),
(1298, 71, 0, 25, 7, 2022),
(1299, 71, 0, 26, 7, 2022),
(1300, 71, 0, 27, 7, 2022),
(1301, 71, 0, 28, 7, 2022),
(1302, 71, 0, 29, 7, 2022),
(1303, 71, 0, 30, 7, 2022),
(1304, 71, 0, 31, 7, 2022),
(1305, 71, 0, 1, 8, 2022),
(1306, 71, 0, 2, 8, 2022),
(1307, 71, 0, 3, 8, 2022),
(1308, 71, 0, 4, 8, 2022),
(1309, 71, 0, 5, 8, 2022),
(1310, 71, 0, 6, 8, 2022),
(1311, 71, 0, 7, 8, 2022),
(1312, 71, 0, 8, 8, 2022),
(1313, 71, 0, 9, 8, 2022),
(1314, 71, 0, 10, 8, 2022),
(1315, 71, 0, 11, 8, 2022),
(1316, 71, 0, 12, 8, 2022),
(1317, 71, 0, 13, 8, 2022),
(1318, 71, 0, 14, 8, 2022),
(1319, 71, 0, 15, 8, 2022),
(1320, 71, 0, 16, 8, 2022),
(1321, 71, 0, 17, 8, 2022),
(1322, 71, 0, 18, 8, 2022),
(1323, 71, 0, 19, 8, 2022),
(1324, 71, 0, 20, 8, 2022),
(1325, 71, 0, 21, 8, 2022),
(1326, 71, 0, 22, 8, 2022),
(1327, 71, 0, 23, 8, 2022),
(1328, 71, 0, 24, 8, 2022),
(1329, 71, 0, 25, 8, 2022),
(1330, 71, 0, 26, 8, 2022),
(1331, 71, 0, 27, 8, 2022),
(1332, 71, 0, 28, 8, 2022),
(1333, 71, 0, 29, 8, 2022),
(1334, 71, 0, 30, 8, 2022),
(1335, 71, 0, 1, 9, 2022),
(1336, 71, 0, 2, 9, 2022),
(1337, 71, 0, 3, 9, 2022),
(1338, 71, 0, 4, 9, 2022),
(1339, 71, 0, 5, 9, 2022),
(1340, 71, 0, 6, 9, 2022),
(1341, 71, 0, 7, 9, 2022),
(1342, 71, 0, 8, 9, 2022),
(1343, 71, 0, 9, 9, 2022),
(1344, 71, 0, 10, 9, 2022),
(1345, 71, 0, 11, 9, 2022),
(1346, 71, 0, 12, 9, 2022),
(1347, 71, 0, 13, 9, 2022),
(1348, 71, 0, 14, 9, 2022),
(1349, 71, 0, 15, 9, 2022),
(1350, 71, 0, 16, 9, 2022),
(1351, 71, 0, 17, 9, 2022),
(1352, 71, 0, 18, 9, 2022),
(1353, 71, 0, 19, 9, 2022),
(1354, 71, 0, 20, 9, 2022),
(1355, 71, 0, 21, 9, 2022),
(1356, 71, 0, 22, 9, 2022),
(1357, 71, 0, 23, 9, 2022),
(1358, 71, 0, 24, 9, 2022),
(1359, 71, 0, 25, 9, 2022),
(1360, 71, 0, 26, 9, 2022),
(1361, 71, 0, 27, 9, 2022),
(1362, 71, 0, 28, 9, 2022),
(1363, 71, 0, 29, 9, 2022),
(1364, 71, 0, 30, 9, 2022),
(1365, 71, 0, 31, 9, 2022),
(1366, 71, 0, 1, 10, 2022),
(1367, 71, 0, 2, 10, 2022),
(1368, 71, 0, 3, 10, 2022),
(1369, 71, 0, 4, 10, 2022),
(1370, 71, 0, 5, 10, 2022),
(1371, 71, 0, 6, 10, 2022),
(1372, 71, 0, 7, 10, 2022),
(1373, 71, 0, 8, 10, 2022),
(1374, 71, 0, 9, 10, 2022),
(1375, 71, 0, 10, 10, 2022),
(1376, 71, 0, 11, 10, 2022),
(1377, 71, 0, 12, 10, 2022),
(1378, 71, 0, 13, 10, 2022),
(1379, 71, 0, 14, 10, 2022),
(1380, 71, 0, 15, 10, 2022),
(1381, 71, 0, 16, 10, 2022),
(1382, 71, 0, 17, 10, 2022),
(1383, 71, 0, 18, 10, 2022),
(1384, 71, 0, 19, 10, 2022),
(1385, 71, 0, 20, 10, 2022),
(1386, 71, 0, 21, 10, 2022),
(1387, 71, 0, 22, 10, 2022),
(1388, 71, 0, 23, 10, 2022),
(1389, 71, 0, 24, 10, 2022),
(1390, 71, 0, 25, 10, 2022),
(1391, 71, 0, 26, 10, 2022),
(1392, 71, 0, 27, 10, 2022),
(1393, 71, 0, 28, 10, 2022),
(1394, 71, 0, 29, 10, 2022),
(1395, 71, 0, 30, 10, 2022),
(1396, 71, 0, 1, 11, 2022),
(1397, 71, 0, 2, 11, 2022),
(1398, 71, 0, 3, 11, 2022),
(1399, 71, 0, 4, 11, 2022),
(1400, 71, 0, 5, 11, 2022),
(1401, 71, 0, 6, 11, 2022),
(1402, 71, 0, 7, 11, 2022),
(1403, 71, 0, 8, 11, 2022),
(1404, 71, 0, 9, 11, 2022),
(1405, 71, 0, 10, 11, 2022),
(1406, 71, 0, 11, 11, 2022),
(1407, 71, 0, 12, 11, 2022),
(1408, 71, 0, 13, 11, 2022),
(1409, 71, 0, 14, 11, 2022),
(1410, 71, 0, 15, 11, 2022),
(1411, 71, 0, 16, 11, 2022),
(1412, 71, 0, 17, 11, 2022),
(1413, 71, 0, 18, 11, 2022),
(1414, 71, 0, 19, 11, 2022),
(1415, 71, 0, 20, 11, 2022),
(1416, 71, 0, 21, 11, 2022),
(1417, 71, 0, 22, 11, 2022),
(1418, 71, 0, 23, 11, 2022),
(1419, 71, 0, 24, 11, 2022),
(1420, 71, 0, 25, 11, 2022),
(1421, 71, 0, 26, 11, 2022),
(1422, 71, 0, 27, 11, 2022),
(1423, 71, 0, 28, 11, 2022),
(1424, 71, 0, 29, 11, 2022),
(1425, 71, 0, 30, 11, 2022),
(1426, 71, 0, 31, 11, 2022),
(1427, 71, 0, 1, 12, 2022),
(1428, 71, 0, 2, 12, 2022),
(1429, 71, 0, 3, 12, 2022),
(1430, 71, 0, 4, 12, 2022),
(1431, 71, 0, 5, 12, 2022),
(1432, 71, 0, 6, 12, 2022),
(1433, 71, 0, 7, 12, 2022),
(1434, 71, 0, 8, 12, 2022),
(1435, 71, 0, 9, 12, 2022),
(1436, 71, 0, 10, 12, 2022),
(1437, 71, 0, 11, 12, 2022),
(1438, 71, 0, 12, 12, 2022),
(1439, 71, 0, 13, 12, 2022),
(1440, 71, 0, 14, 12, 2022),
(1441, 71, 0, 15, 12, 2022),
(1442, 71, 0, 16, 12, 2022),
(1443, 71, 0, 17, 12, 2022),
(1444, 71, 0, 18, 12, 2022),
(1445, 71, 0, 19, 12, 2022),
(1446, 71, 0, 20, 12, 2022),
(1447, 71, 0, 21, 12, 2022),
(1448, 71, 0, 22, 12, 2022),
(1449, 71, 0, 23, 12, 2022),
(1450, 71, 0, 24, 12, 2022),
(1451, 71, 0, 25, 12, 2022),
(1452, 71, 0, 26, 12, 2022),
(1453, 71, 0, 27, 12, 2022),
(1454, 71, 0, 28, 12, 2022),
(1455, 71, 0, 29, 12, 2022),
(1456, 71, 0, 30, 12, 2022),
(1457, 72, 0, 1, 1, 2022),
(1458, 72, 0, 2, 1, 2022),
(1459, 72, 0, 3, 1, 2022),
(1460, 72, 0, 4, 1, 2022),
(1461, 72, 0, 5, 1, 2022),
(1462, 72, 0, 6, 1, 2022),
(1463, 72, 0, 7, 1, 2022),
(1464, 72, 0, 8, 1, 2022),
(1465, 72, 0, 9, 1, 2022),
(1466, 72, 0, 10, 1, 2022),
(1467, 72, 0, 11, 1, 2022),
(1468, 72, 0, 12, 1, 2022),
(1469, 72, 0, 13, 1, 2022),
(1470, 72, 0, 14, 1, 2022),
(1471, 72, 0, 15, 1, 2022),
(1472, 72, 0, 16, 1, 2022),
(1473, 72, 0, 17, 1, 2022),
(1474, 72, 0, 18, 1, 2022),
(1475, 72, 0, 19, 1, 2022),
(1476, 72, 0, 20, 1, 2022),
(1477, 72, 0, 21, 1, 2022),
(1478, 72, 0, 22, 1, 2022),
(1479, 72, 0, 23, 1, 2022),
(1480, 72, 0, 24, 1, 2022),
(1481, 72, 0, 25, 1, 2022),
(1482, 72, 0, 26, 1, 2022),
(1483, 72, 0, 27, 1, 2022),
(1484, 72, 0, 28, 1, 2022),
(1485, 72, 0, 29, 1, 2022),
(1486, 72, 0, 30, 1, 2022),
(1487, 72, 0, 31, 1, 2022),
(1488, 72, 0, 1, 2, 2022),
(1489, 72, 0, 2, 2, 2022),
(1490, 72, 0, 3, 2, 2022),
(1491, 72, 0, 4, 2, 2022),
(1492, 72, 0, 5, 2, 2022),
(1493, 72, 0, 6, 2, 2022),
(1494, 72, 0, 7, 2, 2022),
(1495, 72, 0, 8, 2, 2022),
(1496, 72, 0, 9, 2, 2022),
(1497, 72, 0, 10, 2, 2022),
(1498, 72, 0, 11, 2, 2022),
(1499, 72, 0, 12, 2, 2022),
(1500, 72, 0, 13, 2, 2022),
(1501, 72, 0, 14, 2, 2022),
(1502, 72, 0, 15, 2, 2022),
(1503, 72, 0, 16, 2, 2022),
(1504, 72, 0, 17, 2, 2022),
(1505, 72, 0, 18, 2, 2022),
(1506, 72, 0, 19, 2, 2022),
(1507, 72, 0, 20, 2, 2022),
(1508, 72, 0, 21, 2, 2022),
(1509, 72, 0, 22, 2, 2022),
(1510, 72, 0, 23, 2, 2022),
(1511, 72, 0, 24, 2, 2022),
(1512, 72, 0, 25, 2, 2022),
(1513, 72, 0, 26, 2, 2022),
(1514, 72, 0, 27, 2, 2022),
(1515, 72, 0, 28, 2, 2022),
(1516, 72, 0, 1, 3, 2022),
(1517, 72, 0, 2, 3, 2022),
(1518, 72, 0, 3, 3, 2022),
(1519, 72, 0, 4, 3, 2022),
(1520, 72, 0, 5, 3, 2022),
(1521, 72, 0, 6, 3, 2022),
(1522, 72, 0, 7, 3, 2022),
(1523, 72, 0, 8, 3, 2022),
(1524, 72, 0, 9, 3, 2022),
(1525, 72, 0, 10, 3, 2022),
(1526, 72, 0, 11, 3, 2022),
(1527, 72, 0, 12, 3, 2022),
(1528, 72, 0, 13, 3, 2022),
(1529, 72, 0, 14, 3, 2022),
(1530, 72, 0, 15, 3, 2022),
(1531, 72, 0, 16, 3, 2022),
(1532, 72, 0, 17, 3, 2022),
(1533, 72, 0, 18, 3, 2022),
(1534, 72, 0, 19, 3, 2022),
(1535, 72, 0, 20, 3, 2022),
(1536, 72, 0, 21, 3, 2022),
(1537, 72, 0, 22, 3, 2022),
(1538, 72, 0, 23, 3, 2022),
(1539, 72, 0, 24, 3, 2022),
(1540, 72, 0, 25, 3, 2022),
(1541, 72, 0, 26, 3, 2022),
(1542, 72, 0, 27, 3, 2022),
(1543, 72, 0, 28, 3, 2022),
(1544, 72, 0, 29, 3, 2022),
(1545, 72, 0, 30, 3, 2022),
(1546, 72, 0, 31, 3, 2022),
(1547, 72, 0, 1, 4, 2022),
(1548, 72, 0, 2, 4, 2022),
(1549, 72, 0, 3, 4, 2022),
(1550, 72, 0, 4, 4, 2022),
(1551, 72, 0, 5, 4, 2022),
(1552, 72, 0, 6, 4, 2022),
(1553, 72, 0, 7, 4, 2022),
(1554, 72, 0, 8, 4, 2022),
(1555, 72, 0, 9, 4, 2022),
(1556, 72, 0, 10, 4, 2022),
(1557, 72, 0, 11, 4, 2022),
(1558, 72, 0, 12, 4, 2022),
(1559, 72, 0, 13, 4, 2022),
(1560, 72, 0, 14, 4, 2022),
(1561, 72, 0, 15, 4, 2022),
(1562, 72, 0, 16, 4, 2022),
(1563, 72, 0, 17, 4, 2022),
(1564, 72, 0, 18, 4, 2022),
(1565, 72, 0, 19, 4, 2022),
(1566, 72, 0, 20, 4, 2022),
(1567, 72, 0, 21, 4, 2022),
(1568, 72, 0, 22, 4, 2022),
(1569, 72, 0, 23, 4, 2022),
(1570, 72, 0, 24, 4, 2022),
(1571, 72, 0, 25, 4, 2022),
(1572, 72, 0, 26, 4, 2022),
(1573, 72, 0, 27, 4, 2022),
(1574, 72, 0, 28, 4, 2022),
(1575, 72, 0, 29, 4, 2022),
(1576, 72, 0, 30, 4, 2022),
(1577, 72, 0, 1, 5, 2022),
(1578, 72, 0, 2, 5, 2022),
(1579, 72, 0, 3, 5, 2022),
(1580, 72, 0, 4, 5, 2022),
(1581, 72, 0, 5, 5, 2022),
(1582, 72, 0, 6, 5, 2022),
(1583, 72, 0, 7, 5, 2022),
(1584, 72, 0, 8, 5, 2022),
(1585, 72, 0, 9, 5, 2022),
(1586, 72, 0, 10, 5, 2022),
(1587, 72, 0, 11, 5, 2022),
(1588, 72, 0, 12, 5, 2022),
(1589, 72, 0, 13, 5, 2022),
(1590, 72, 0, 14, 5, 2022),
(1591, 72, 0, 15, 5, 2022),
(1592, 72, 0, 16, 5, 2022),
(1593, 72, 0, 17, 5, 2022),
(1594, 72, 0, 18, 5, 2022),
(1595, 72, 0, 19, 5, 2022),
(1596, 72, 0, 20, 5, 2022),
(1597, 72, 0, 21, 5, 2022),
(1598, 72, 0, 22, 5, 2022),
(1599, 72, 0, 23, 5, 2022),
(1600, 72, 0, 24, 5, 2022),
(1601, 72, 0, 25, 5, 2022),
(1602, 72, 0, 26, 5, 2022),
(1603, 72, 0, 27, 5, 2022),
(1604, 72, 0, 28, 5, 2022),
(1605, 72, 0, 29, 5, 2022),
(1606, 72, 0, 30, 5, 2022),
(1607, 72, 0, 31, 5, 2022),
(1608, 72, 0, 1, 6, 2022),
(1609, 72, 0, 2, 6, 2022),
(1610, 72, 0, 3, 6, 2022),
(1611, 72, 0, 4, 6, 2022),
(1612, 72, 0, 5, 6, 2022),
(1613, 72, 0, 6, 6, 2022),
(1614, 72, 0, 7, 6, 2022),
(1615, 72, 0, 8, 6, 2022),
(1616, 72, 0, 9, 6, 2022),
(1617, 72, 0, 10, 6, 2022),
(1618, 72, 0, 11, 6, 2022),
(1619, 72, 0, 12, 6, 2022),
(1620, 72, 0, 13, 6, 2022),
(1621, 72, 0, 14, 6, 2022),
(1622, 72, 0, 15, 6, 2022),
(1623, 72, 0, 16, 6, 2022),
(1624, 72, 0, 17, 6, 2022),
(1625, 72, 0, 18, 6, 2022),
(1626, 72, 0, 19, 6, 2022),
(1627, 72, 0, 20, 6, 2022),
(1628, 72, 0, 21, 6, 2022),
(1629, 72, 0, 22, 6, 2022),
(1630, 72, 0, 23, 6, 2022),
(1631, 72, 0, 24, 6, 2022),
(1632, 72, 0, 25, 6, 2022),
(1633, 72, 0, 26, 6, 2022),
(1634, 72, 0, 27, 6, 2022),
(1635, 72, 0, 28, 6, 2022),
(1636, 72, 0, 29, 6, 2022),
(1637, 72, 0, 30, 6, 2022),
(1638, 72, 0, 1, 7, 2022),
(1639, 72, 0, 2, 7, 2022),
(1640, 72, 0, 3, 7, 2022),
(1641, 72, 0, 4, 7, 2022),
(1642, 72, 0, 5, 7, 2022),
(1643, 72, 0, 6, 7, 2022),
(1644, 72, 0, 7, 7, 2022),
(1645, 72, 0, 8, 7, 2022),
(1646, 72, 0, 9, 7, 2022),
(1647, 72, 0, 10, 7, 2022),
(1648, 72, 0, 11, 7, 2022),
(1649, 72, 0, 12, 7, 2022),
(1650, 72, 0, 13, 7, 2022),
(1651, 72, 0, 14, 7, 2022),
(1652, 72, 0, 15, 7, 2022),
(1653, 72, 0, 16, 7, 2022),
(1654, 72, 0, 17, 7, 2022),
(1655, 72, 0, 18, 7, 2022),
(1656, 72, 0, 19, 7, 2022),
(1657, 72, 0, 20, 7, 2022),
(1658, 72, 0, 21, 7, 2022),
(1659, 72, 0, 22, 7, 2022),
(1660, 72, 0, 23, 7, 2022),
(1661, 72, 0, 24, 7, 2022),
(1662, 72, 0, 25, 7, 2022),
(1663, 72, 0, 26, 7, 2022),
(1664, 72, 0, 27, 7, 2022),
(1665, 72, 0, 28, 7, 2022),
(1666, 72, 0, 29, 7, 2022),
(1667, 72, 0, 30, 7, 2022),
(1668, 72, 0, 31, 7, 2022),
(1669, 72, 0, 1, 8, 2022),
(1670, 72, 0, 2, 8, 2022),
(1671, 72, 0, 3, 8, 2022),
(1672, 72, 0, 4, 8, 2022),
(1673, 72, 0, 5, 8, 2022),
(1674, 72, 0, 6, 8, 2022),
(1675, 72, 0, 7, 8, 2022),
(1676, 72, 0, 8, 8, 2022),
(1677, 72, 0, 9, 8, 2022),
(1678, 72, 0, 10, 8, 2022),
(1679, 72, 0, 11, 8, 2022),
(1680, 72, 0, 12, 8, 2022),
(1681, 72, 0, 13, 8, 2022),
(1682, 72, 0, 14, 8, 2022),
(1683, 72, 0, 15, 8, 2022),
(1684, 72, 0, 16, 8, 2022),
(1685, 72, 0, 17, 8, 2022),
(1686, 72, 0, 18, 8, 2022),
(1687, 72, 0, 19, 8, 2022),
(1688, 72, 0, 20, 8, 2022),
(1689, 72, 0, 21, 8, 2022),
(1690, 72, 0, 22, 8, 2022),
(1691, 72, 0, 23, 8, 2022),
(1692, 72, 0, 24, 8, 2022),
(1693, 72, 0, 25, 8, 2022),
(1694, 72, 0, 26, 8, 2022),
(1695, 72, 0, 27, 8, 2022),
(1696, 72, 0, 28, 8, 2022),
(1697, 72, 0, 29, 8, 2022),
(1698, 72, 0, 30, 8, 2022),
(1699, 72, 0, 1, 9, 2022),
(1700, 72, 0, 2, 9, 2022),
(1701, 72, 0, 3, 9, 2022),
(1702, 72, 0, 4, 9, 2022),
(1703, 72, 0, 5, 9, 2022),
(1704, 72, 0, 6, 9, 2022),
(1705, 72, 0, 7, 9, 2022),
(1706, 72, 0, 8, 9, 2022),
(1707, 72, 0, 9, 9, 2022),
(1708, 72, 0, 10, 9, 2022),
(1709, 72, 0, 11, 9, 2022),
(1710, 72, 0, 12, 9, 2022),
(1711, 72, 0, 13, 9, 2022),
(1712, 72, 0, 14, 9, 2022),
(1713, 72, 0, 15, 9, 2022),
(1714, 72, 0, 16, 9, 2022),
(1715, 72, 0, 17, 9, 2022),
(1716, 72, 0, 18, 9, 2022),
(1717, 72, 0, 19, 9, 2022),
(1718, 72, 0, 20, 9, 2022),
(1719, 72, 0, 21, 9, 2022),
(1720, 72, 0, 22, 9, 2022),
(1721, 72, 0, 23, 9, 2022),
(1722, 72, 0, 24, 9, 2022),
(1723, 72, 0, 25, 9, 2022),
(1724, 72, 0, 26, 9, 2022),
(1725, 72, 0, 27, 9, 2022),
(1726, 72, 0, 28, 9, 2022),
(1727, 72, 0, 29, 9, 2022),
(1728, 72, 0, 30, 9, 2022),
(1729, 72, 0, 31, 9, 2022),
(1730, 72, 0, 1, 10, 2022),
(1731, 72, 0, 2, 10, 2022),
(1732, 72, 0, 3, 10, 2022),
(1733, 72, 0, 4, 10, 2022),
(1734, 72, 0, 5, 10, 2022),
(1735, 72, 0, 6, 10, 2022),
(1736, 72, 0, 7, 10, 2022),
(1737, 72, 0, 8, 10, 2022),
(1738, 72, 0, 9, 10, 2022),
(1739, 72, 0, 10, 10, 2022),
(1740, 72, 0, 11, 10, 2022),
(1741, 72, 0, 12, 10, 2022),
(1742, 72, 0, 13, 10, 2022),
(1743, 72, 0, 14, 10, 2022),
(1744, 72, 0, 15, 10, 2022),
(1745, 72, 0, 16, 10, 2022),
(1746, 72, 0, 17, 10, 2022),
(1747, 72, 0, 18, 10, 2022),
(1748, 72, 0, 19, 10, 2022),
(1749, 72, 0, 20, 10, 2022),
(1750, 72, 0, 21, 10, 2022),
(1751, 72, 0, 22, 10, 2022),
(1752, 72, 0, 23, 10, 2022),
(1753, 72, 0, 24, 10, 2022),
(1754, 72, 0, 25, 10, 2022),
(1755, 72, 0, 26, 10, 2022),
(1756, 72, 0, 27, 10, 2022),
(1757, 72, 0, 28, 10, 2022),
(1758, 72, 0, 29, 10, 2022),
(1759, 72, 0, 30, 10, 2022),
(1760, 72, 0, 1, 11, 2022),
(1761, 72, 0, 2, 11, 2022),
(1762, 72, 0, 3, 11, 2022),
(1763, 72, 0, 4, 11, 2022),
(1764, 72, 0, 5, 11, 2022),
(1765, 72, 0, 6, 11, 2022),
(1766, 72, 0, 7, 11, 2022),
(1767, 72, 0, 8, 11, 2022),
(1768, 72, 0, 9, 11, 2022),
(1769, 72, 0, 10, 11, 2022),
(1770, 72, 0, 11, 11, 2022),
(1771, 72, 0, 12, 11, 2022),
(1772, 72, 0, 13, 11, 2022),
(1773, 72, 0, 14, 11, 2022),
(1774, 72, 0, 15, 11, 2022),
(1775, 72, 0, 16, 11, 2022),
(1776, 72, 0, 17, 11, 2022),
(1777, 72, 0, 18, 11, 2022),
(1778, 72, 0, 19, 11, 2022),
(1779, 72, 0, 20, 11, 2022),
(1780, 72, 0, 21, 11, 2022),
(1781, 72, 0, 22, 11, 2022),
(1782, 72, 0, 23, 11, 2022),
(1783, 72, 0, 24, 11, 2022),
(1784, 72, 0, 25, 11, 2022),
(1785, 72, 0, 26, 11, 2022),
(1786, 72, 0, 27, 11, 2022),
(1787, 72, 0, 28, 11, 2022),
(1788, 72, 0, 29, 11, 2022),
(1789, 72, 0, 30, 11, 2022),
(1790, 72, 0, 31, 11, 2022),
(1791, 72, 0, 1, 12, 2022),
(1792, 72, 0, 2, 12, 2022),
(1793, 72, 0, 3, 12, 2022),
(1794, 72, 0, 4, 12, 2022),
(1795, 72, 0, 5, 12, 2022),
(1796, 72, 0, 6, 12, 2022),
(1797, 72, 0, 7, 12, 2022),
(1798, 72, 0, 8, 12, 2022),
(1799, 72, 0, 9, 12, 2022),
(1800, 72, 0, 10, 12, 2022),
(1801, 72, 0, 11, 12, 2022),
(1802, 72, 0, 12, 12, 2022),
(1803, 72, 0, 13, 12, 2022),
(1804, 72, 0, 14, 12, 2022),
(1805, 72, 0, 15, 12, 2022),
(1806, 72, 0, 16, 12, 2022),
(1807, 72, 0, 17, 12, 2022),
(1808, 72, 0, 18, 12, 2022),
(1809, 72, 0, 19, 12, 2022),
(1810, 72, 0, 20, 12, 2022),
(1811, 72, 0, 21, 12, 2022),
(1812, 72, 0, 22, 12, 2022),
(1813, 72, 0, 23, 12, 2022),
(1814, 72, 0, 24, 12, 2022),
(1815, 72, 0, 25, 12, 2022),
(1816, 72, 0, 26, 12, 2022),
(1817, 72, 0, 27, 12, 2022),
(1818, 72, 0, 28, 12, 2022),
(1819, 72, 0, 29, 12, 2022),
(1820, 72, 0, 30, 12, 2022),
(1821, 73, 0, 1, 1, 2022),
(1822, 73, 0, 2, 1, 2022),
(1823, 73, 0, 3, 1, 2022),
(1824, 73, 0, 4, 1, 2022),
(1825, 73, 0, 5, 1, 2022),
(1826, 73, 0, 6, 1, 2022),
(1827, 73, 0, 7, 1, 2022),
(1828, 73, 0, 8, 1, 2022),
(1829, 73, 0, 9, 1, 2022),
(1830, 73, 0, 10, 1, 2022),
(1831, 73, 0, 11, 1, 2022),
(1832, 73, 0, 12, 1, 2022),
(1833, 73, 0, 13, 1, 2022),
(1834, 73, 0, 14, 1, 2022),
(1835, 73, 0, 15, 1, 2022),
(1836, 73, 0, 16, 1, 2022),
(1837, 73, 0, 17, 1, 2022),
(1838, 73, 0, 18, 1, 2022),
(1839, 73, 0, 19, 1, 2022),
(1840, 73, 0, 20, 1, 2022),
(1841, 73, 0, 21, 1, 2022),
(1842, 73, 0, 22, 1, 2022),
(1843, 73, 0, 23, 1, 2022),
(1844, 73, 0, 24, 1, 2022),
(1845, 73, 0, 25, 1, 2022),
(1846, 73, 0, 26, 1, 2022),
(1847, 73, 0, 27, 1, 2022),
(1848, 73, 0, 28, 1, 2022),
(1849, 73, 0, 29, 1, 2022),
(1850, 73, 0, 30, 1, 2022),
(1851, 73, 0, 31, 1, 2022),
(1852, 73, 0, 1, 2, 2022),
(1853, 73, 0, 2, 2, 2022),
(1854, 73, 0, 3, 2, 2022),
(1855, 73, 0, 4, 2, 2022),
(1856, 73, 0, 5, 2, 2022),
(1857, 73, 0, 6, 2, 2022),
(1858, 73, 0, 7, 2, 2022),
(1859, 73, 0, 8, 2, 2022),
(1860, 73, 0, 9, 2, 2022),
(1861, 73, 0, 10, 2, 2022),
(1862, 73, 0, 11, 2, 2022),
(1863, 73, 0, 12, 2, 2022),
(1864, 73, 0, 13, 2, 2022),
(1865, 73, 0, 14, 2, 2022),
(1866, 73, 0, 15, 2, 2022),
(1867, 73, 0, 16, 2, 2022),
(1868, 73, 0, 17, 2, 2022),
(1869, 73, 0, 18, 2, 2022),
(1870, 73, 0, 19, 2, 2022),
(1871, 73, 0, 20, 2, 2022),
(1872, 73, 0, 21, 2, 2022),
(1873, 73, 0, 22, 2, 2022),
(1874, 73, 0, 23, 2, 2022),
(1875, 73, 0, 24, 2, 2022),
(1876, 73, 0, 25, 2, 2022),
(1877, 73, 0, 26, 2, 2022),
(1878, 73, 0, 27, 2, 2022),
(1879, 73, 0, 28, 2, 2022),
(1880, 73, 0, 1, 3, 2022),
(1881, 73, 0, 2, 3, 2022),
(1882, 73, 0, 3, 3, 2022),
(1883, 73, 0, 4, 3, 2022),
(1884, 73, 0, 5, 3, 2022),
(1885, 73, 0, 6, 3, 2022),
(1886, 73, 0, 7, 3, 2022),
(1887, 73, 0, 8, 3, 2022),
(1888, 73, 0, 9, 3, 2022),
(1889, 73, 0, 10, 3, 2022),
(1890, 73, 0, 11, 3, 2022),
(1891, 73, 0, 12, 3, 2022),
(1892, 73, 0, 13, 3, 2022),
(1893, 73, 0, 14, 3, 2022),
(1894, 73, 0, 15, 3, 2022),
(1895, 73, 0, 16, 3, 2022),
(1896, 73, 0, 17, 3, 2022),
(1897, 73, 0, 18, 3, 2022),
(1898, 73, 0, 19, 3, 2022),
(1899, 73, 0, 20, 3, 2022),
(1900, 73, 0, 21, 3, 2022),
(1901, 73, 0, 22, 3, 2022),
(1902, 73, 0, 23, 3, 2022),
(1903, 73, 0, 24, 3, 2022),
(1904, 73, 0, 25, 3, 2022),
(1905, 73, 0, 26, 3, 2022),
(1906, 73, 0, 27, 3, 2022),
(1907, 73, 0, 28, 3, 2022),
(1908, 73, 0, 29, 3, 2022),
(1909, 73, 0, 30, 3, 2022),
(1910, 73, 0, 31, 3, 2022),
(1911, 73, 0, 1, 4, 2022),
(1912, 73, 0, 2, 4, 2022),
(1913, 73, 0, 3, 4, 2022),
(1914, 73, 0, 4, 4, 2022),
(1915, 73, 0, 5, 4, 2022),
(1916, 73, 0, 6, 4, 2022),
(1917, 73, 0, 7, 4, 2022),
(1918, 73, 0, 8, 4, 2022),
(1919, 73, 0, 9, 4, 2022),
(1920, 73, 0, 10, 4, 2022),
(1921, 73, 0, 11, 4, 2022),
(1922, 73, 0, 12, 4, 2022),
(1923, 73, 0, 13, 4, 2022),
(1924, 73, 0, 14, 4, 2022),
(1925, 73, 0, 15, 4, 2022),
(1926, 73, 0, 16, 4, 2022),
(1927, 73, 0, 17, 4, 2022),
(1928, 73, 0, 18, 4, 2022),
(1929, 73, 0, 19, 4, 2022),
(1930, 73, 0, 20, 4, 2022),
(1931, 73, 0, 21, 4, 2022),
(1932, 73, 0, 22, 4, 2022),
(1933, 73, 0, 23, 4, 2022),
(1934, 73, 0, 24, 4, 2022),
(1935, 73, 0, 25, 4, 2022),
(1936, 73, 0, 26, 4, 2022),
(1937, 73, 0, 27, 4, 2022),
(1938, 73, 0, 28, 4, 2022),
(1939, 73, 0, 29, 4, 2022),
(1940, 73, 0, 30, 4, 2022),
(1941, 73, 0, 1, 5, 2022),
(1942, 73, 0, 2, 5, 2022),
(1943, 73, 0, 3, 5, 2022),
(1944, 73, 0, 4, 5, 2022),
(1945, 73, 0, 5, 5, 2022),
(1946, 73, 0, 6, 5, 2022),
(1947, 73, 0, 7, 5, 2022),
(1948, 73, 0, 8, 5, 2022),
(1949, 73, 0, 9, 5, 2022),
(1950, 73, 0, 10, 5, 2022),
(1951, 73, 0, 11, 5, 2022),
(1952, 73, 0, 12, 5, 2022),
(1953, 73, 0, 13, 5, 2022),
(1954, 73, 0, 14, 5, 2022),
(1955, 73, 0, 15, 5, 2022),
(1956, 73, 0, 16, 5, 2022),
(1957, 73, 0, 17, 5, 2022),
(1958, 73, 0, 18, 5, 2022),
(1959, 73, 0, 19, 5, 2022),
(1960, 73, 0, 20, 5, 2022),
(1961, 73, 0, 21, 5, 2022),
(1962, 73, 0, 22, 5, 2022),
(1963, 73, 0, 23, 5, 2022),
(1964, 73, 0, 24, 5, 2022),
(1965, 73, 0, 25, 5, 2022),
(1966, 73, 0, 26, 5, 2022);
INSERT INTO `disponibilite_chambre` (`id`, `id_chambre`, `disponible`, `jour`, `mois`, `annee`) VALUES
(1967, 73, 0, 27, 5, 2022),
(1968, 73, 0, 28, 5, 2022),
(1969, 73, 0, 29, 5, 2022),
(1970, 73, 0, 30, 5, 2022),
(1971, 73, 0, 31, 5, 2022),
(1972, 73, 0, 1, 6, 2022),
(1973, 73, 0, 2, 6, 2022),
(1974, 73, 0, 3, 6, 2022),
(1975, 73, 0, 4, 6, 2022),
(1976, 73, 0, 5, 6, 2022),
(1977, 73, 0, 6, 6, 2022),
(1978, 73, 0, 7, 6, 2022),
(1979, 73, 0, 8, 6, 2022),
(1980, 73, 0, 9, 6, 2022),
(1981, 73, 0, 10, 6, 2022),
(1982, 73, 0, 11, 6, 2022),
(1983, 73, 0, 12, 6, 2022),
(1984, 73, 0, 13, 6, 2022),
(1985, 73, 0, 14, 6, 2022),
(1986, 73, 0, 15, 6, 2022),
(1987, 73, 0, 16, 6, 2022),
(1988, 73, 0, 17, 6, 2022),
(1989, 73, 0, 18, 6, 2022),
(1990, 73, 0, 19, 6, 2022),
(1991, 73, 0, 20, 6, 2022),
(1992, 73, 0, 21, 6, 2022),
(1993, 73, 0, 22, 6, 2022),
(1994, 73, 0, 23, 6, 2022),
(1995, 73, 0, 24, 6, 2022),
(1996, 73, 0, 25, 6, 2022),
(1997, 73, 0, 26, 6, 2022),
(1998, 73, 0, 27, 6, 2022),
(1999, 73, 0, 28, 6, 2022),
(2000, 73, 0, 29, 6, 2022),
(2001, 73, 0, 30, 6, 2022),
(2002, 73, 0, 1, 7, 2022),
(2003, 73, 0, 2, 7, 2022),
(2004, 73, 0, 3, 7, 2022),
(2005, 73, 0, 4, 7, 2022),
(2006, 73, 0, 5, 7, 2022),
(2007, 73, 0, 6, 7, 2022),
(2008, 73, 0, 7, 7, 2022),
(2009, 73, 0, 8, 7, 2022),
(2010, 73, 0, 9, 7, 2022),
(2011, 73, 0, 10, 7, 2022),
(2012, 73, 0, 11, 7, 2022),
(2013, 73, 0, 12, 7, 2022),
(2014, 73, 0, 13, 7, 2022),
(2015, 73, 0, 14, 7, 2022),
(2016, 73, 0, 15, 7, 2022),
(2017, 73, 0, 16, 7, 2022),
(2018, 73, 0, 17, 7, 2022),
(2019, 73, 0, 18, 7, 2022),
(2020, 73, 0, 19, 7, 2022),
(2021, 73, 0, 20, 7, 2022),
(2022, 73, 0, 21, 7, 2022),
(2023, 73, 0, 22, 7, 2022),
(2024, 73, 0, 23, 7, 2022),
(2025, 73, 0, 24, 7, 2022),
(2026, 73, 0, 25, 7, 2022),
(2027, 73, 0, 26, 7, 2022),
(2028, 73, 0, 27, 7, 2022),
(2029, 73, 0, 28, 7, 2022),
(2030, 73, 0, 29, 7, 2022),
(2031, 73, 0, 30, 7, 2022),
(2032, 73, 0, 31, 7, 2022),
(2033, 73, 0, 1, 8, 2022),
(2034, 73, 0, 2, 8, 2022),
(2035, 73, 0, 3, 8, 2022),
(2036, 73, 0, 4, 8, 2022),
(2037, 73, 0, 5, 8, 2022),
(2038, 73, 0, 6, 8, 2022),
(2039, 73, 0, 7, 8, 2022),
(2040, 73, 0, 8, 8, 2022),
(2041, 73, 0, 9, 8, 2022),
(2042, 73, 0, 10, 8, 2022),
(2043, 73, 0, 11, 8, 2022),
(2044, 73, 0, 12, 8, 2022),
(2045, 73, 0, 13, 8, 2022),
(2046, 73, 0, 14, 8, 2022),
(2047, 73, 0, 15, 8, 2022),
(2048, 73, 0, 16, 8, 2022),
(2049, 73, 0, 17, 8, 2022),
(2050, 73, 0, 18, 8, 2022),
(2051, 73, 0, 19, 8, 2022),
(2052, 73, 0, 20, 8, 2022),
(2053, 73, 0, 21, 8, 2022),
(2054, 73, 0, 22, 8, 2022),
(2055, 73, 0, 23, 8, 2022),
(2056, 73, 0, 24, 8, 2022),
(2057, 73, 0, 25, 8, 2022),
(2058, 73, 0, 26, 8, 2022),
(2059, 73, 0, 27, 8, 2022),
(2060, 73, 0, 28, 8, 2022),
(2061, 73, 0, 29, 8, 2022),
(2062, 73, 0, 30, 8, 2022),
(2063, 73, 0, 1, 9, 2022),
(2064, 73, 0, 2, 9, 2022),
(2065, 73, 0, 3, 9, 2022),
(2066, 73, 0, 4, 9, 2022),
(2067, 73, 0, 5, 9, 2022),
(2068, 73, 0, 6, 9, 2022),
(2069, 73, 0, 7, 9, 2022),
(2070, 73, 0, 8, 9, 2022),
(2071, 73, 0, 9, 9, 2022),
(2072, 73, 0, 10, 9, 2022),
(2073, 73, 0, 11, 9, 2022),
(2074, 73, 0, 12, 9, 2022),
(2075, 73, 0, 13, 9, 2022),
(2076, 73, 0, 14, 9, 2022),
(2077, 73, 0, 15, 9, 2022),
(2078, 73, 0, 16, 9, 2022),
(2079, 73, 0, 17, 9, 2022),
(2080, 73, 0, 18, 9, 2022),
(2081, 73, 0, 19, 9, 2022),
(2082, 73, 0, 20, 9, 2022),
(2083, 73, 0, 21, 9, 2022),
(2084, 73, 0, 22, 9, 2022),
(2085, 73, 0, 23, 9, 2022),
(2086, 73, 0, 24, 9, 2022),
(2087, 73, 0, 25, 9, 2022),
(2088, 73, 0, 26, 9, 2022),
(2089, 73, 0, 27, 9, 2022),
(2090, 73, 0, 28, 9, 2022),
(2091, 73, 0, 29, 9, 2022),
(2092, 73, 0, 30, 9, 2022),
(2093, 73, 0, 31, 9, 2022),
(2094, 73, 0, 1, 10, 2022),
(2095, 73, 0, 2, 10, 2022),
(2096, 73, 0, 3, 10, 2022),
(2097, 73, 0, 4, 10, 2022),
(2098, 73, 0, 5, 10, 2022),
(2099, 73, 0, 6, 10, 2022),
(2100, 73, 0, 7, 10, 2022),
(2101, 73, 0, 8, 10, 2022),
(2102, 73, 0, 9, 10, 2022),
(2103, 73, 0, 10, 10, 2022),
(2104, 73, 0, 11, 10, 2022),
(2105, 73, 0, 12, 10, 2022),
(2106, 73, 0, 13, 10, 2022),
(2107, 73, 0, 14, 10, 2022),
(2108, 73, 0, 15, 10, 2022),
(2109, 73, 0, 16, 10, 2022),
(2110, 73, 0, 17, 10, 2022),
(2111, 73, 0, 18, 10, 2022),
(2112, 73, 0, 19, 10, 2022),
(2113, 73, 0, 20, 10, 2022),
(2114, 73, 0, 21, 10, 2022),
(2115, 73, 0, 22, 10, 2022),
(2116, 73, 0, 23, 10, 2022),
(2117, 73, 0, 24, 10, 2022),
(2118, 73, 0, 25, 10, 2022),
(2119, 73, 0, 26, 10, 2022),
(2120, 73, 0, 27, 10, 2022),
(2121, 73, 0, 28, 10, 2022),
(2122, 73, 0, 29, 10, 2022),
(2123, 73, 0, 30, 10, 2022),
(2124, 73, 0, 1, 11, 2022),
(2125, 73, 0, 2, 11, 2022),
(2126, 73, 0, 3, 11, 2022),
(2127, 73, 0, 4, 11, 2022),
(2128, 73, 0, 5, 11, 2022),
(2129, 73, 0, 6, 11, 2022),
(2130, 73, 0, 7, 11, 2022),
(2131, 73, 0, 8, 11, 2022),
(2132, 73, 0, 9, 11, 2022),
(2133, 73, 0, 10, 11, 2022),
(2134, 73, 0, 11, 11, 2022),
(2135, 73, 0, 12, 11, 2022),
(2136, 73, 0, 13, 11, 2022),
(2137, 73, 0, 14, 11, 2022),
(2138, 73, 0, 15, 11, 2022),
(2139, 73, 0, 16, 11, 2022),
(2140, 73, 0, 17, 11, 2022),
(2141, 73, 0, 18, 11, 2022),
(2142, 73, 0, 19, 11, 2022),
(2143, 73, 0, 20, 11, 2022),
(2144, 73, 0, 21, 11, 2022),
(2145, 73, 0, 22, 11, 2022),
(2146, 73, 0, 23, 11, 2022),
(2147, 73, 0, 24, 11, 2022),
(2148, 73, 0, 25, 11, 2022),
(2149, 73, 0, 26, 11, 2022),
(2150, 73, 0, 27, 11, 2022),
(2151, 73, 0, 28, 11, 2022),
(2152, 73, 0, 29, 11, 2022),
(2153, 73, 0, 30, 11, 2022),
(2154, 73, 0, 31, 11, 2022),
(2155, 73, 0, 1, 12, 2022),
(2156, 73, 0, 2, 12, 2022),
(2157, 73, 0, 3, 12, 2022),
(2158, 73, 0, 4, 12, 2022),
(2159, 73, 0, 5, 12, 2022),
(2160, 73, 0, 6, 12, 2022),
(2161, 73, 0, 7, 12, 2022),
(2162, 73, 0, 8, 12, 2022),
(2163, 73, 0, 9, 12, 2022),
(2164, 73, 0, 10, 12, 2022),
(2165, 73, 0, 11, 12, 2022),
(2166, 73, 0, 12, 12, 2022),
(2167, 73, 0, 13, 12, 2022),
(2168, 73, 0, 14, 12, 2022),
(2169, 73, 0, 15, 12, 2022),
(2170, 73, 0, 16, 12, 2022),
(2171, 73, 0, 17, 12, 2022),
(2172, 73, 0, 18, 12, 2022),
(2173, 73, 0, 19, 12, 2022),
(2174, 73, 0, 20, 12, 2022),
(2175, 73, 0, 21, 12, 2022),
(2176, 73, 0, 22, 12, 2022),
(2177, 73, 0, 23, 12, 2022),
(2178, 73, 0, 24, 12, 2022),
(2179, 73, 0, 25, 12, 2022),
(2180, 73, 0, 26, 12, 2022),
(2181, 73, 0, 27, 12, 2022),
(2182, 73, 0, 28, 12, 2022),
(2183, 73, 0, 29, 12, 2022),
(2184, 73, 0, 30, 12, 2022);

-- --------------------------------------------------------

--
-- Structure de la table `disponibilite_hotel`
--

CREATE TABLE `disponibilite_hotel` (
  `id` int(11) NOT NULL,
  `id_hotel` int(11) NOT NULL,
  `jour` int(11) NOT NULL,
  `mois` int(11) NOT NULL,
  `annee` int(11) NOT NULL,
  `disponible` int(11) NOT NULL
) ENGINE=InnoDB DEFAULT CHARSET=utf8mb4;

--
-- Déchargement des données de la table `disponibilite_hotel`
--

INSERT INTO `disponibilite_hotel` (`id`, `id_hotel`, `jour`, `mois`, `annee`, `disponible`) VALUES
(1, 28, 1, 1, 2022, 0),
(2, 28, 2, 1, 2022, 0),
(3, 28, 3, 1, 2022, 0),
(4, 28, 4, 1, 2022, 0),
(5, 28, 5, 1, 2022, 0),
(6, 28, 6, 1, 2022, 0),
(7, 28, 7, 1, 2022, 0),
(8, 28, 8, 1, 2022, 0),
(9, 28, 9, 1, 2022, 0),
(10, 28, 10, 1, 2022, 0),
(11, 28, 11, 1, 2022, 0),
(12, 28, 12, 1, 2022, 0),
(13, 28, 13, 1, 2022, 0),
(14, 28, 14, 1, 2022, 0),
(15, 28, 15, 1, 2022, 0),
(16, 28, 16, 1, 2022, 0),
(17, 28, 17, 1, 2022, 0),
(18, 28, 18, 1, 2022, 0),
(19, 28, 19, 1, 2022, 0),
(20, 28, 20, 1, 2022, 0),
(21, 28, 21, 1, 2022, 0),
(22, 28, 22, 1, 2022, 0),
(23, 28, 23, 1, 2022, 0),
(24, 28, 24, 1, 2022, 0),
(25, 28, 25, 1, 2022, 0),
(26, 28, 26, 1, 2022, 0),
(27, 28, 27, 1, 2022, 0),
(28, 28, 28, 1, 2022, 0),
(29, 28, 29, 1, 2022, 0),
(30, 28, 30, 1, 2022, 0),
(31, 28, 31, 1, 2022, 0),
(32, 28, 1, 2, 2022, 0),
(33, 28, 2, 2, 2022, 0),
(34, 28, 3, 2, 2022, 0),
(35, 28, 4, 2, 2022, 0),
(36, 28, 5, 2, 2022, 0),
(37, 28, 6, 2, 2022, 0),
(38, 28, 7, 2, 2022, 0),
(39, 28, 8, 2, 2022, 0),
(40, 28, 9, 2, 2022, 0),
(41, 28, 10, 2, 2022, 0),
(42, 28, 11, 2, 2022, 0),
(43, 28, 12, 2, 2022, 0),
(44, 28, 13, 2, 2022, 0),
(45, 28, 14, 2, 2022, 0),
(46, 28, 15, 2, 2022, 0),
(47, 28, 16, 2, 2022, 0),
(48, 28, 17, 2, 2022, 0),
(49, 28, 18, 2, 2022, 0),
(50, 28, 19, 2, 2022, 0),
(51, 28, 20, 2, 2022, 0),
(52, 28, 21, 2, 2022, 0),
(53, 28, 22, 2, 2022, 0),
(54, 28, 23, 2, 2022, 0),
(55, 28, 24, 2, 2022, 0),
(56, 28, 25, 2, 2022, 0),
(57, 28, 26, 2, 2022, 0),
(58, 28, 27, 2, 2022, 0),
(59, 28, 28, 2, 2022, 0),
(60, 28, 1, 3, 2022, 0),
(61, 28, 2, 3, 2022, 0),
(62, 28, 3, 3, 2022, 0),
(63, 28, 4, 3, 2022, 0),
(64, 28, 5, 3, 2022, 0),
(65, 28, 6, 3, 2022, 0),
(66, 28, 7, 3, 2022, 0),
(67, 28, 8, 3, 2022, 0),
(68, 28, 9, 3, 2022, 0),
(69, 28, 10, 3, 2022, 0),
(70, 28, 11, 3, 2022, 0),
(71, 28, 12, 3, 2022, 0),
(72, 28, 13, 3, 2022, 0),
(73, 28, 14, 3, 2022, 0),
(74, 28, 15, 3, 2022, 0),
(75, 28, 16, 3, 2022, 0),
(76, 28, 17, 3, 2022, 0),
(77, 28, 18, 3, 2022, 0),
(78, 28, 19, 3, 2022, 0),
(79, 28, 20, 3, 2022, 0),
(80, 28, 21, 3, 2022, 0),
(81, 28, 22, 3, 2022, 0),
(82, 28, 23, 3, 2022, 0),
(83, 28, 24, 3, 2022, 0),
(84, 28, 25, 3, 2022, 0),
(85, 28, 26, 3, 2022, 0),
(86, 28, 27, 3, 2022, 0),
(87, 28, 28, 3, 2022, 0),
(88, 28, 29, 3, 2022, 0),
(89, 28, 30, 3, 2022, 0),
(90, 28, 31, 3, 2022, 0),
(91, 28, 1, 4, 2022, 0),
(92, 28, 2, 4, 2022, 0),
(93, 28, 3, 4, 2022, 0),
(94, 28, 4, 4, 2022, 0),
(95, 28, 5, 4, 2022, 0),
(96, 28, 6, 4, 2022, 0),
(97, 28, 7, 4, 2022, 0),
(98, 28, 8, 4, 2022, 0),
(99, 28, 9, 4, 2022, 0),
(100, 28, 10, 4, 2022, 0),
(101, 28, 11, 4, 2022, 0),
(102, 28, 12, 4, 2022, 0),
(103, 28, 13, 4, 2022, 0),
(104, 28, 14, 4, 2022, 0),
(105, 28, 15, 4, 2022, 0),
(106, 28, 16, 4, 2022, 0),
(107, 28, 17, 4, 2022, 0),
(108, 28, 18, 4, 2022, 0),
(109, 28, 19, 4, 2022, 0),
(110, 28, 20, 4, 2022, 0),
(111, 28, 21, 4, 2022, 0),
(112, 28, 22, 4, 2022, 0),
(113, 28, 23, 4, 2022, 0),
(114, 28, 24, 4, 2022, 0),
(115, 28, 25, 4, 2022, 0),
(116, 28, 26, 4, 2022, 0),
(117, 28, 27, 4, 2022, 0),
(118, 28, 28, 4, 2022, 0),
(119, 28, 29, 4, 2022, 0),
(120, 28, 30, 4, 2022, 0),
(121, 28, 1, 5, 2022, 0),
(122, 28, 2, 5, 2022, 0),
(123, 28, 3, 5, 2022, 0),
(124, 28, 4, 5, 2022, 0),
(125, 28, 5, 5, 2022, 0),
(126, 28, 6, 5, 2022, 0),
(127, 28, 7, 5, 2022, 0),
(128, 28, 8, 5, 2022, 0),
(129, 28, 9, 5, 2022, 0),
(130, 28, 10, 5, 2022, 0),
(131, 28, 11, 5, 2022, 0),
(132, 28, 12, 5, 2022, 0),
(133, 28, 13, 5, 2022, 0),
(134, 28, 14, 5, 2022, 0),
(135, 28, 15, 5, 2022, 0),
(136, 28, 16, 5, 2022, 0),
(137, 28, 17, 5, 2022, 0),
(138, 28, 18, 5, 2022, 0),
(139, 28, 19, 5, 2022, 0),
(140, 28, 20, 5, 2022, 0),
(141, 28, 21, 5, 2022, 0),
(142, 28, 22, 5, 2022, 0),
(143, 28, 23, 5, 2022, 0),
(144, 28, 24, 5, 2022, 0),
(145, 28, 25, 5, 2022, 0),
(146, 28, 26, 5, 2022, 0),
(147, 28, 27, 5, 2022, 0),
(148, 28, 28, 5, 2022, 0),
(149, 28, 29, 5, 2022, 0),
(150, 28, 30, 5, 2022, 0),
(151, 28, 31, 5, 2022, 0),
(152, 28, 1, 6, 2022, 0),
(153, 28, 2, 6, 2022, 0),
(154, 28, 3, 6, 2022, 0),
(155, 28, 4, 6, 2022, 0),
(156, 28, 5, 6, 2022, 0),
(157, 28, 6, 6, 2022, 0),
(158, 28, 7, 6, 2022, 0),
(159, 28, 8, 6, 2022, 0),
(160, 28, 9, 6, 2022, 0),
(161, 28, 10, 6, 2022, 0),
(162, 28, 11, 6, 2022, 0),
(163, 28, 12, 6, 2022, 0),
(164, 28, 13, 6, 2022, 0),
(165, 28, 14, 6, 2022, 0),
(166, 28, 15, 6, 2022, 0),
(167, 28, 16, 6, 2022, 0),
(168, 28, 17, 6, 2022, 0),
(169, 28, 18, 6, 2022, 0),
(170, 28, 19, 6, 2022, 0),
(171, 28, 20, 6, 2022, 0),
(172, 28, 21, 6, 2022, 0),
(173, 28, 22, 6, 2022, 0),
(174, 28, 23, 6, 2022, 0),
(175, 28, 24, 6, 2022, 0),
(176, 28, 25, 6, 2022, 0),
(177, 28, 26, 6, 2022, 0),
(178, 28, 27, 6, 2022, 0),
(179, 28, 28, 6, 2022, 0),
(180, 28, 29, 6, 2022, 0),
(181, 28, 30, 6, 2022, 0),
(182, 28, 1, 7, 2022, 0),
(183, 28, 2, 7, 2022, 0),
(184, 28, 3, 7, 2022, 0),
(185, 28, 4, 7, 2022, 0),
(186, 28, 5, 7, 2022, 0),
(187, 28, 6, 7, 2022, 0),
(188, 28, 7, 7, 2022, 0),
(189, 28, 8, 7, 2022, 0),
(190, 28, 9, 7, 2022, 0),
(191, 28, 10, 7, 2022, 0),
(192, 28, 11, 7, 2022, 0),
(193, 28, 12, 7, 2022, 0),
(194, 28, 13, 7, 2022, 0),
(195, 28, 14, 7, 2022, 0),
(196, 28, 15, 7, 2022, 0),
(197, 28, 16, 7, 2022, 0),
(198, 28, 17, 7, 2022, 0),
(199, 28, 18, 7, 2022, 0),
(200, 28, 19, 7, 2022, 0),
(201, 28, 20, 7, 2022, 0),
(202, 28, 21, 7, 2022, 0),
(203, 28, 22, 7, 2022, 0),
(204, 28, 23, 7, 2022, 0),
(205, 28, 24, 7, 2022, 0),
(206, 28, 25, 7, 2022, 0),
(207, 28, 26, 7, 2022, 0),
(208, 28, 27, 7, 2022, 0),
(209, 28, 28, 7, 2022, 0),
(210, 28, 29, 7, 2022, 0),
(211, 28, 30, 7, 2022, 0),
(212, 28, 31, 7, 2022, 0),
(213, 28, 1, 8, 2022, 0),
(214, 28, 2, 8, 2022, 0),
(215, 28, 3, 8, 2022, 0),
(216, 28, 4, 8, 2022, 0),
(217, 28, 5, 8, 2022, 0),
(218, 28, 6, 8, 2022, 0),
(219, 28, 7, 8, 2022, 0),
(220, 28, 8, 8, 2022, 0),
(221, 28, 9, 8, 2022, 0),
(222, 28, 10, 8, 2022, 0),
(223, 28, 11, 8, 2022, 0),
(224, 28, 12, 8, 2022, 0),
(225, 28, 13, 8, 2022, 0),
(226, 28, 14, 8, 2022, 0),
(227, 28, 15, 8, 2022, 0),
(228, 28, 16, 8, 2022, 0),
(229, 28, 17, 8, 2022, 0),
(230, 28, 18, 8, 2022, 0),
(231, 28, 19, 8, 2022, 0),
(232, 28, 20, 8, 2022, 0),
(233, 28, 21, 8, 2022, 0),
(234, 28, 22, 8, 2022, 0),
(235, 28, 23, 8, 2022, 0),
(236, 28, 24, 8, 2022, 0),
(237, 28, 25, 8, 2022, 0),
(238, 28, 26, 8, 2022, 0),
(239, 28, 27, 8, 2022, 0),
(240, 28, 28, 8, 2022, 0),
(241, 28, 29, 8, 2022, 0),
(242, 28, 30, 8, 2022, 0),
(243, 28, 1, 9, 2022, 0),
(244, 28, 2, 9, 2022, 0),
(245, 28, 3, 9, 2022, 0),
(246, 28, 4, 9, 2022, 0),
(247, 28, 5, 9, 2022, 0),
(248, 28, 6, 9, 2022, 0),
(249, 28, 7, 9, 2022, 0),
(250, 28, 8, 9, 2022, 0),
(251, 28, 9, 9, 2022, 0),
(252, 28, 10, 9, 2022, 0),
(253, 28, 11, 9, 2022, 0),
(254, 28, 12, 9, 2022, 0),
(255, 28, 13, 9, 2022, 0),
(256, 28, 14, 9, 2022, 0),
(257, 28, 15, 9, 2022, 0),
(258, 28, 16, 9, 2022, 0),
(259, 28, 17, 9, 2022, 0),
(260, 28, 18, 9, 2022, 0),
(261, 28, 19, 9, 2022, 0),
(262, 28, 20, 9, 2022, 0),
(263, 28, 21, 9, 2022, 0),
(264, 28, 22, 9, 2022, 0),
(265, 28, 23, 9, 2022, 0),
(266, 28, 24, 9, 2022, 0),
(267, 28, 25, 9, 2022, 0),
(268, 28, 26, 9, 2022, 0),
(269, 28, 27, 9, 2022, 0),
(270, 28, 28, 9, 2022, 0),
(271, 28, 29, 9, 2022, 0),
(272, 28, 30, 9, 2022, 0),
(273, 28, 31, 9, 2022, 0),
(274, 28, 1, 10, 2022, 0),
(275, 28, 2, 10, 2022, 0),
(276, 28, 3, 10, 2022, 0),
(277, 28, 4, 10, 2022, 0),
(278, 28, 5, 10, 2022, 0),
(279, 28, 6, 10, 2022, 0),
(280, 28, 7, 10, 2022, 0),
(281, 28, 8, 10, 2022, 0),
(282, 28, 9, 10, 2022, 0),
(283, 28, 10, 10, 2022, 0),
(284, 28, 11, 10, 2022, 0),
(285, 28, 12, 10, 2022, 0),
(286, 28, 13, 10, 2022, 0),
(287, 28, 14, 10, 2022, 0),
(288, 28, 15, 10, 2022, 0),
(289, 28, 16, 10, 2022, 0),
(290, 28, 17, 10, 2022, 0),
(291, 28, 18, 10, 2022, 0),
(292, 28, 19, 10, 2022, 0),
(293, 28, 20, 10, 2022, 0),
(294, 28, 21, 10, 2022, 0),
(295, 28, 22, 10, 2022, 0),
(296, 28, 23, 10, 2022, 0),
(297, 28, 24, 10, 2022, 0),
(298, 28, 25, 10, 2022, 0),
(299, 28, 26, 10, 2022, 0),
(300, 28, 27, 10, 2022, 0),
(301, 28, 28, 10, 2022, 0),
(302, 28, 29, 10, 2022, 0),
(303, 28, 30, 10, 2022, 0),
(304, 28, 1, 11, 2022, 0),
(305, 28, 2, 11, 2022, 0),
(306, 28, 3, 11, 2022, 0),
(307, 28, 4, 11, 2022, 0),
(308, 28, 5, 11, 2022, 0),
(309, 28, 6, 11, 2022, 0),
(310, 28, 7, 11, 2022, 0),
(311, 28, 8, 11, 2022, 0),
(312, 28, 9, 11, 2022, 0),
(313, 28, 10, 11, 2022, 0),
(314, 28, 11, 11, 2022, 0),
(315, 28, 12, 11, 2022, 0),
(316, 28, 13, 11, 2022, 0),
(317, 28, 14, 11, 2022, 0),
(318, 28, 15, 11, 2022, 0),
(319, 28, 16, 11, 2022, 0),
(320, 28, 17, 11, 2022, 0),
(321, 28, 18, 11, 2022, 0),
(322, 28, 19, 11, 2022, 0),
(323, 28, 20, 11, 2022, 0),
(324, 28, 21, 11, 2022, 0),
(325, 28, 22, 11, 2022, 0),
(326, 28, 23, 11, 2022, 0),
(327, 28, 24, 11, 2022, 0),
(328, 28, 25, 11, 2022, 0),
(329, 28, 26, 11, 2022, 0),
(330, 28, 27, 11, 2022, 0),
(331, 28, 28, 11, 2022, 0),
(332, 28, 29, 11, 2022, 0),
(333, 28, 30, 11, 2022, 0),
(334, 28, 31, 11, 2022, 0),
(335, 28, 1, 12, 2022, 0),
(336, 28, 2, 12, 2022, 0),
(337, 28, 3, 12, 2022, 0),
(338, 28, 4, 12, 2022, 0),
(339, 28, 5, 12, 2022, 0),
(340, 28, 6, 12, 2022, 0),
(341, 28, 7, 12, 2022, 0),
(342, 28, 8, 12, 2022, 0),
(343, 28, 9, 12, 2022, 0),
(344, 28, 10, 12, 2022, 0),
(345, 28, 11, 12, 2022, 0),
(346, 28, 12, 12, 2022, 0),
(347, 28, 13, 12, 2022, 0),
(348, 28, 14, 12, 2022, 0),
(349, 28, 15, 12, 2022, 0),
(350, 28, 16, 12, 2022, 0),
(351, 28, 17, 12, 2022, 0),
(352, 28, 18, 12, 2022, 0),
(353, 28, 19, 12, 2022, 0),
(354, 28, 20, 12, 2022, 0),
(355, 28, 21, 12, 2022, 0),
(356, 28, 22, 12, 2022, 0),
(357, 28, 23, 12, 2022, 0),
(358, 28, 24, 12, 2022, 0),
(359, 28, 25, 12, 2022, 0),
(360, 28, 26, 12, 2022, 0),
(361, 28, 27, 12, 2022, 0),
(362, 28, 28, 12, 2022, 0),
(363, 28, 29, 12, 2022, 0),
(364, 28, 30, 12, 2022, 0),
(365, 29, 1, 1, 2022, 0),
(366, 29, 2, 1, 2022, 0),
(367, 29, 3, 1, 2022, 0),
(368, 29, 4, 1, 2022, 0),
(369, 29, 5, 1, 2022, 0),
(370, 29, 6, 1, 2022, 0),
(371, 29, 7, 1, 2022, 0),
(372, 29, 8, 1, 2022, 0),
(373, 29, 9, 1, 2022, 0),
(374, 29, 10, 1, 2022, 0),
(375, 29, 11, 1, 2022, 0),
(376, 29, 12, 1, 2022, 0),
(377, 29, 13, 1, 2022, 0),
(378, 29, 14, 1, 2022, 0),
(379, 29, 15, 1, 2022, 0),
(380, 29, 16, 1, 2022, 0),
(381, 29, 17, 1, 2022, 0),
(382, 29, 18, 1, 2022, 0),
(383, 29, 19, 1, 2022, 0),
(384, 29, 20, 1, 2022, 0),
(385, 29, 21, 1, 2022, 0),
(386, 29, 22, 1, 2022, 0),
(387, 29, 23, 1, 2022, 0),
(388, 29, 24, 1, 2022, 0),
(389, 29, 25, 1, 2022, 0),
(390, 29, 26, 1, 2022, 0),
(391, 29, 27, 1, 2022, 0),
(392, 29, 28, 1, 2022, 0),
(393, 29, 29, 1, 2022, 0),
(394, 29, 30, 1, 2022, 0),
(395, 29, 31, 1, 2022, 0),
(396, 29, 1, 2, 2022, 0),
(397, 29, 2, 2, 2022, 0),
(398, 29, 3, 2, 2022, 0),
(399, 29, 4, 2, 2022, 0),
(400, 29, 5, 2, 2022, 0),
(401, 29, 6, 2, 2022, 0),
(402, 29, 7, 2, 2022, 0),
(403, 29, 8, 2, 2022, 0),
(404, 29, 9, 2, 2022, 0),
(405, 29, 10, 2, 2022, 0),
(406, 29, 11, 2, 2022, 0),
(407, 29, 12, 2, 2022, 0),
(408, 29, 13, 2, 2022, 0),
(409, 29, 14, 2, 2022, 0),
(410, 29, 15, 2, 2022, 0),
(411, 29, 16, 2, 2022, 0),
(412, 29, 17, 2, 2022, 0),
(413, 29, 18, 2, 2022, 0),
(414, 29, 19, 2, 2022, 0),
(415, 29, 20, 2, 2022, 0),
(416, 29, 21, 2, 2022, 0),
(417, 29, 22, 2, 2022, 0),
(418, 29, 23, 2, 2022, 0),
(419, 29, 24, 2, 2022, 0),
(420, 29, 25, 2, 2022, 0),
(421, 29, 26, 2, 2022, 0),
(422, 29, 27, 2, 2022, 0),
(423, 29, 28, 2, 2022, 0),
(424, 29, 1, 3, 2022, 0),
(425, 29, 2, 3, 2022, 0),
(426, 29, 3, 3, 2022, 0),
(427, 29, 4, 3, 2022, 0),
(428, 29, 5, 3, 2022, 0),
(429, 29, 6, 3, 2022, 0),
(430, 29, 7, 3, 2022, 0),
(431, 29, 8, 3, 2022, 0),
(432, 29, 9, 3, 2022, 0),
(433, 29, 10, 3, 2022, 0),
(434, 29, 11, 3, 2022, 0),
(435, 29, 12, 3, 2022, 0),
(436, 29, 13, 3, 2022, 0),
(437, 29, 14, 3, 2022, 0),
(438, 29, 15, 3, 2022, 0),
(439, 29, 16, 3, 2022, 0),
(440, 29, 17, 3, 2022, 0),
(441, 29, 18, 3, 2022, 0),
(442, 29, 19, 3, 2022, 0),
(443, 29, 20, 3, 2022, 0),
(444, 29, 21, 3, 2022, 0),
(445, 29, 22, 3, 2022, 0),
(446, 29, 23, 3, 2022, 0),
(447, 29, 24, 3, 2022, 0),
(448, 29, 25, 3, 2022, 0),
(449, 29, 26, 3, 2022, 0),
(450, 29, 27, 3, 2022, 0),
(451, 29, 28, 3, 2022, 0),
(452, 29, 29, 3, 2022, 0),
(453, 29, 30, 3, 2022, 0),
(454, 29, 31, 3, 2022, 0),
(455, 29, 1, 4, 2022, 0),
(456, 29, 2, 4, 2022, 0),
(457, 29, 3, 4, 2022, 0),
(458, 29, 4, 4, 2022, 0),
(459, 29, 5, 4, 2022, 0),
(460, 29, 6, 4, 2022, 0),
(461, 29, 7, 4, 2022, 0),
(462, 29, 8, 4, 2022, 0),
(463, 29, 9, 4, 2022, 0),
(464, 29, 10, 4, 2022, 0),
(465, 29, 11, 4, 2022, 0),
(466, 29, 12, 4, 2022, 0),
(467, 29, 13, 4, 2022, 0),
(468, 29, 14, 4, 2022, 0),
(469, 29, 15, 4, 2022, 0),
(470, 29, 16, 4, 2022, 0),
(471, 29, 17, 4, 2022, 0),
(472, 29, 18, 4, 2022, 0),
(473, 29, 19, 4, 2022, 0),
(474, 29, 20, 4, 2022, 0),
(475, 29, 21, 4, 2022, 0),
(476, 29, 22, 4, 2022, 0),
(477, 29, 23, 4, 2022, 0),
(478, 29, 24, 4, 2022, 0),
(479, 29, 25, 4, 2022, 0),
(480, 29, 26, 4, 2022, 0),
(481, 29, 27, 4, 2022, 0),
(482, 29, 28, 4, 2022, 0),
(483, 29, 29, 4, 2022, 0),
(484, 29, 30, 4, 2022, 0),
(485, 29, 1, 5, 2022, 0),
(486, 29, 2, 5, 2022, 0),
(487, 29, 3, 5, 2022, 0),
(488, 29, 4, 5, 2022, 0),
(489, 29, 5, 5, 2022, 0),
(490, 29, 6, 5, 2022, 0),
(491, 29, 7, 5, 2022, 0),
(492, 29, 8, 5, 2022, 0),
(493, 29, 9, 5, 2022, 0),
(494, 29, 10, 5, 2022, 0),
(495, 29, 11, 5, 2022, 0),
(496, 29, 12, 5, 2022, 0),
(497, 29, 13, 5, 2022, 0),
(498, 29, 14, 5, 2022, 0),
(499, 29, 15, 5, 2022, 0),
(500, 29, 16, 5, 2022, 0),
(501, 29, 17, 5, 2022, 0),
(502, 29, 18, 5, 2022, 0),
(503, 29, 19, 5, 2022, 0),
(504, 29, 20, 5, 2022, 0),
(505, 29, 21, 5, 2022, 0),
(506, 29, 22, 5, 2022, 0),
(507, 29, 23, 5, 2022, 0),
(508, 29, 24, 5, 2022, 0),
(509, 29, 25, 5, 2022, 0),
(510, 29, 26, 5, 2022, 0),
(511, 29, 27, 5, 2022, 0),
(512, 29, 28, 5, 2022, 0),
(513, 29, 29, 5, 2022, 0),
(514, 29, 30, 5, 2022, 0),
(515, 29, 31, 5, 2022, 0),
(516, 29, 1, 6, 2022, 0),
(517, 29, 2, 6, 2022, 0),
(518, 29, 3, 6, 2022, 0),
(519, 29, 4, 6, 2022, 0),
(520, 29, 5, 6, 2022, 0),
(521, 29, 6, 6, 2022, 0),
(522, 29, 7, 6, 2022, 0),
(523, 29, 8, 6, 2022, 0),
(524, 29, 9, 6, 2022, 0),
(525, 29, 10, 6, 2022, 0),
(526, 29, 11, 6, 2022, 0),
(527, 29, 12, 6, 2022, 0),
(528, 29, 13, 6, 2022, 0),
(529, 29, 14, 6, 2022, 0),
(530, 29, 15, 6, 2022, 0),
(531, 29, 16, 6, 2022, 0),
(532, 29, 17, 6, 2022, 0),
(533, 29, 18, 6, 2022, 0),
(534, 29, 19, 6, 2022, 0),
(535, 29, 20, 6, 2022, 0),
(536, 29, 21, 6, 2022, 0),
(537, 29, 22, 6, 2022, 0),
(538, 29, 23, 6, 2022, 0),
(539, 29, 24, 6, 2022, 0),
(540, 29, 25, 6, 2022, 0),
(541, 29, 26, 6, 2022, 0),
(542, 29, 27, 6, 2022, 0),
(543, 29, 28, 6, 2022, 0),
(544, 29, 29, 6, 2022, 0),
(545, 29, 30, 6, 2022, 0),
(546, 29, 1, 7, 2022, 0),
(547, 29, 2, 7, 2022, 0),
(548, 29, 3, 7, 2022, 0),
(549, 29, 4, 7, 2022, 0),
(550, 29, 5, 7, 2022, 0),
(551, 29, 6, 7, 2022, 0),
(552, 29, 7, 7, 2022, 0),
(553, 29, 8, 7, 2022, 0),
(554, 29, 9, 7, 2022, 0),
(555, 29, 10, 7, 2022, 0),
(556, 29, 11, 7, 2022, 0),
(557, 29, 12, 7, 2022, 0),
(558, 29, 13, 7, 2022, 0),
(559, 29, 14, 7, 2022, 0),
(560, 29, 15, 7, 2022, 0),
(561, 29, 16, 7, 2022, 0),
(562, 29, 17, 7, 2022, 0),
(563, 29, 18, 7, 2022, 0),
(564, 29, 19, 7, 2022, 0),
(565, 29, 20, 7, 2022, 0),
(566, 29, 21, 7, 2022, 0),
(567, 29, 22, 7, 2022, 0),
(568, 29, 23, 7, 2022, 0),
(569, 29, 24, 7, 2022, 0),
(570, 29, 25, 7, 2022, 0),
(571, 29, 26, 7, 2022, 0),
(572, 29, 27, 7, 2022, 0),
(573, 29, 28, 7, 2022, 0),
(574, 29, 29, 7, 2022, 0),
(575, 29, 30, 7, 2022, 0),
(576, 29, 31, 7, 2022, 0),
(577, 29, 1, 8, 2022, 0),
(578, 29, 2, 8, 2022, 0),
(579, 29, 3, 8, 2022, 0),
(580, 29, 4, 8, 2022, 0),
(581, 29, 5, 8, 2022, 0),
(582, 29, 6, 8, 2022, 0),
(583, 29, 7, 8, 2022, 0),
(584, 29, 8, 8, 2022, 0),
(585, 29, 9, 8, 2022, 0),
(586, 29, 10, 8, 2022, 0),
(587, 29, 11, 8, 2022, 0),
(588, 29, 12, 8, 2022, 0),
(589, 29, 13, 8, 2022, 0),
(590, 29, 14, 8, 2022, 0),
(591, 29, 15, 8, 2022, 0),
(592, 29, 16, 8, 2022, 0),
(593, 29, 17, 8, 2022, 0),
(594, 29, 18, 8, 2022, 0),
(595, 29, 19, 8, 2022, 0),
(596, 29, 20, 8, 2022, 0),
(597, 29, 21, 8, 2022, 0),
(598, 29, 22, 8, 2022, 0),
(599, 29, 23, 8, 2022, 0),
(600, 29, 24, 8, 2022, 0),
(601, 29, 25, 8, 2022, 0),
(602, 29, 26, 8, 2022, 0),
(603, 29, 27, 8, 2022, 0),
(604, 29, 28, 8, 2022, 0),
(605, 29, 29, 8, 2022, 0),
(606, 29, 30, 8, 2022, 0),
(607, 29, 1, 9, 2022, 0),
(608, 29, 2, 9, 2022, 0),
(609, 29, 3, 9, 2022, 0),
(610, 29, 4, 9, 2022, 0),
(611, 29, 5, 9, 2022, 0),
(612, 29, 6, 9, 2022, 0),
(613, 29, 7, 9, 2022, 0),
(614, 29, 8, 9, 2022, 0),
(615, 29, 9, 9, 2022, 0),
(616, 29, 10, 9, 2022, 0),
(617, 29, 11, 9, 2022, 0),
(618, 29, 12, 9, 2022, 0),
(619, 29, 13, 9, 2022, 0),
(620, 29, 14, 9, 2022, 0),
(621, 29, 15, 9, 2022, 0),
(622, 29, 16, 9, 2022, 0),
(623, 29, 17, 9, 2022, 0),
(624, 29, 18, 9, 2022, 0),
(625, 29, 19, 9, 2022, 0),
(626, 29, 20, 9, 2022, 0),
(627, 29, 21, 9, 2022, 0),
(628, 29, 22, 9, 2022, 0),
(629, 29, 23, 9, 2022, 0),
(630, 29, 24, 9, 2022, 0),
(631, 29, 25, 9, 2022, 0),
(632, 29, 26, 9, 2022, 0),
(633, 29, 27, 9, 2022, 0),
(634, 29, 28, 9, 2022, 0),
(635, 29, 29, 9, 2022, 0),
(636, 29, 30, 9, 2022, 0),
(637, 29, 31, 9, 2022, 0),
(638, 29, 1, 10, 2022, 0),
(639, 29, 2, 10, 2022, 0),
(640, 29, 3, 10, 2022, 0),
(641, 29, 4, 10, 2022, 0),
(642, 29, 5, 10, 2022, 0),
(643, 29, 6, 10, 2022, 0),
(644, 29, 7, 10, 2022, 0),
(645, 29, 8, 10, 2022, 0),
(646, 29, 9, 10, 2022, 0),
(647, 29, 10, 10, 2022, 0),
(648, 29, 11, 10, 2022, 0),
(649, 29, 12, 10, 2022, 0),
(650, 29, 13, 10, 2022, 0),
(651, 29, 14, 10, 2022, 0),
(652, 29, 15, 10, 2022, 0),
(653, 29, 16, 10, 2022, 0),
(654, 29, 17, 10, 2022, 0),
(655, 29, 18, 10, 2022, 0),
(656, 29, 19, 10, 2022, 0),
(657, 29, 20, 10, 2022, 0),
(658, 29, 21, 10, 2022, 0),
(659, 29, 22, 10, 2022, 0),
(660, 29, 23, 10, 2022, 0),
(661, 29, 24, 10, 2022, 0),
(662, 29, 25, 10, 2022, 0),
(663, 29, 26, 10, 2022, 0),
(664, 29, 27, 10, 2022, 0),
(665, 29, 28, 10, 2022, 0),
(666, 29, 29, 10, 2022, 0),
(667, 29, 30, 10, 2022, 0),
(668, 29, 1, 11, 2022, 0),
(669, 29, 2, 11, 2022, 0),
(670, 29, 3, 11, 2022, 0),
(671, 29, 4, 11, 2022, 0),
(672, 29, 5, 11, 2022, 0),
(673, 29, 6, 11, 2022, 0),
(674, 29, 7, 11, 2022, 0),
(675, 29, 8, 11, 2022, 0),
(676, 29, 9, 11, 2022, 0),
(677, 29, 10, 11, 2022, 0),
(678, 29, 11, 11, 2022, 0),
(679, 29, 12, 11, 2022, 0),
(680, 29, 13, 11, 2022, 0),
(681, 29, 14, 11, 2022, 0),
(682, 29, 15, 11, 2022, 0),
(683, 29, 16, 11, 2022, 0),
(684, 29, 17, 11, 2022, 0),
(685, 29, 18, 11, 2022, 0),
(686, 29, 19, 11, 2022, 0),
(687, 29, 20, 11, 2022, 0),
(688, 29, 21, 11, 2022, 0),
(689, 29, 22, 11, 2022, 0),
(690, 29, 23, 11, 2022, 0),
(691, 29, 24, 11, 2022, 0),
(692, 29, 25, 11, 2022, 0),
(693, 29, 26, 11, 2022, 0),
(694, 29, 27, 11, 2022, 0),
(695, 29, 28, 11, 2022, 0),
(696, 29, 29, 11, 2022, 0),
(697, 29, 30, 11, 2022, 0),
(698, 29, 31, 11, 2022, 0),
(699, 29, 1, 12, 2022, 0),
(700, 29, 2, 12, 2022, 0),
(701, 29, 3, 12, 2022, 0),
(702, 29, 4, 12, 2022, 0),
(703, 29, 5, 12, 2022, 0),
(704, 29, 6, 12, 2022, 0),
(705, 29, 7, 12, 2022, 0),
(706, 29, 8, 12, 2022, 0),
(707, 29, 9, 12, 2022, 0),
(708, 29, 10, 12, 2022, 0),
(709, 29, 11, 12, 2022, 0),
(710, 29, 12, 12, 2022, 0),
(711, 29, 13, 12, 2022, 0),
(712, 29, 14, 12, 2022, 0),
(713, 29, 15, 12, 2022, 0),
(714, 29, 16, 12, 2022, 0),
(715, 29, 17, 12, 2022, 0),
(716, 29, 18, 12, 2022, 0),
(717, 29, 19, 12, 2022, 0),
(718, 29, 20, 12, 2022, 0),
(719, 29, 21, 12, 2022, 0),
(720, 29, 22, 12, 2022, 0),
(721, 29, 23, 12, 2022, 0),
(722, 29, 24, 12, 2022, 0),
(723, 29, 25, 12, 2022, 0),
(724, 29, 26, 12, 2022, 0),
(725, 29, 27, 12, 2022, 0),
(726, 29, 28, 12, 2022, 0),
(727, 29, 29, 12, 2022, 0),
(728, 29, 30, 12, 2022, 0),
(729, 30, 1, 1, 2022, 0),
(730, 30, 2, 1, 2022, 0),
(731, 30, 3, 1, 2022, 0),
(732, 30, 4, 1, 2022, 0),
(733, 30, 5, 1, 2022, 0),
(734, 30, 6, 1, 2022, 0),
(735, 30, 7, 1, 2022, 0),
(736, 30, 8, 1, 2022, 0),
(737, 30, 9, 1, 2022, 0),
(738, 30, 10, 1, 2022, 0),
(739, 30, 11, 1, 2022, 0),
(740, 30, 12, 1, 2022, 0),
(741, 30, 13, 1, 2022, 0),
(742, 30, 14, 1, 2022, 0),
(743, 30, 15, 1, 2022, 0),
(744, 30, 16, 1, 2022, 0),
(745, 30, 17, 1, 2022, 0),
(746, 30, 18, 1, 2022, 0),
(747, 30, 19, 1, 2022, 0),
(748, 30, 20, 1, 2022, 0),
(749, 30, 21, 1, 2022, 0),
(750, 30, 22, 1, 2022, 0),
(751, 30, 23, 1, 2022, 0),
(752, 30, 24, 1, 2022, 0),
(753, 30, 25, 1, 2022, 0),
(754, 30, 26, 1, 2022, 0),
(755, 30, 27, 1, 2022, 0),
(756, 30, 28, 1, 2022, 0),
(757, 30, 29, 1, 2022, 0),
(758, 30, 30, 1, 2022, 0),
(759, 30, 31, 1, 2022, 0),
(760, 30, 1, 2, 2022, 0),
(761, 30, 2, 2, 2022, 0),
(762, 30, 3, 2, 2022, 0),
(763, 30, 4, 2, 2022, 0),
(764, 30, 5, 2, 2022, 0),
(765, 30, 6, 2, 2022, 0),
(766, 30, 7, 2, 2022, 0),
(767, 30, 8, 2, 2022, 0),
(768, 30, 9, 2, 2022, 0),
(769, 30, 10, 2, 2022, 0),
(770, 30, 11, 2, 2022, 0),
(771, 30, 12, 2, 2022, 0),
(772, 30, 13, 2, 2022, 0),
(773, 30, 14, 2, 2022, 0),
(774, 30, 15, 2, 2022, 0),
(775, 30, 16, 2, 2022, 0),
(776, 30, 17, 2, 2022, 0),
(777, 30, 18, 2, 2022, 0),
(778, 30, 19, 2, 2022, 0),
(779, 30, 20, 2, 2022, 0),
(780, 30, 21, 2, 2022, 0),
(781, 30, 22, 2, 2022, 0),
(782, 30, 23, 2, 2022, 0),
(783, 30, 24, 2, 2022, 0),
(784, 30, 25, 2, 2022, 0),
(785, 30, 26, 2, 2022, 0),
(786, 30, 27, 2, 2022, 0),
(787, 30, 28, 2, 2022, 0),
(788, 30, 1, 3, 2022, 0),
(789, 30, 2, 3, 2022, 0),
(790, 30, 3, 3, 2022, 0),
(791, 30, 4, 3, 2022, 0),
(792, 30, 5, 3, 2022, 0),
(793, 30, 6, 3, 2022, 0),
(794, 30, 7, 3, 2022, 0),
(795, 30, 8, 3, 2022, 0),
(796, 30, 9, 3, 2022, 0),
(797, 30, 10, 3, 2022, 0),
(798, 30, 11, 3, 2022, 0),
(799, 30, 12, 3, 2022, 0),
(800, 30, 13, 3, 2022, 0),
(801, 30, 14, 3, 2022, 0),
(802, 30, 15, 3, 2022, 0),
(803, 30, 16, 3, 2022, 0),
(804, 30, 17, 3, 2022, 0),
(805, 30, 18, 3, 2022, 0),
(806, 30, 19, 3, 2022, 0),
(807, 30, 20, 3, 2022, 0),
(808, 30, 21, 3, 2022, 0),
(809, 30, 22, 3, 2022, 0),
(810, 30, 23, 3, 2022, 0),
(811, 30, 24, 3, 2022, 0),
(812, 30, 25, 3, 2022, 0),
(813, 30, 26, 3, 2022, 0),
(814, 30, 27, 3, 2022, 0),
(815, 30, 28, 3, 2022, 0),
(816, 30, 29, 3, 2022, 0),
(817, 30, 30, 3, 2022, 0),
(818, 30, 31, 3, 2022, 0),
(819, 30, 1, 4, 2022, 0),
(820, 30, 2, 4, 2022, 0),
(821, 30, 3, 4, 2022, 0),
(822, 30, 4, 4, 2022, 0),
(823, 30, 5, 4, 2022, 0),
(824, 30, 6, 4, 2022, 0),
(825, 30, 7, 4, 2022, 0),
(826, 30, 8, 4, 2022, 0),
(827, 30, 9, 4, 2022, 0),
(828, 30, 10, 4, 2022, 0),
(829, 30, 11, 4, 2022, 0),
(830, 30, 12, 4, 2022, 0),
(831, 30, 13, 4, 2022, 0),
(832, 30, 14, 4, 2022, 0),
(833, 30, 15, 4, 2022, 0),
(834, 30, 16, 4, 2022, 0),
(835, 30, 17, 4, 2022, 0),
(836, 30, 18, 4, 2022, 0),
(837, 30, 19, 4, 2022, 0),
(838, 30, 20, 4, 2022, 0),
(839, 30, 21, 4, 2022, 0),
(840, 30, 22, 4, 2022, 0),
(841, 30, 23, 4, 2022, 0),
(842, 30, 24, 4, 2022, 0),
(843, 30, 25, 4, 2022, 0),
(844, 30, 26, 4, 2022, 0),
(845, 30, 27, 4, 2022, 0),
(846, 30, 28, 4, 2022, 0),
(847, 30, 29, 4, 2022, 0),
(848, 30, 30, 4, 2022, 0),
(849, 30, 1, 5, 2022, 0),
(850, 30, 2, 5, 2022, 0),
(851, 30, 3, 5, 2022, 0),
(852, 30, 4, 5, 2022, 0),
(853, 30, 5, 5, 2022, 0),
(854, 30, 6, 5, 2022, 0),
(855, 30, 7, 5, 2022, 0),
(856, 30, 8, 5, 2022, 0),
(857, 30, 9, 5, 2022, 0),
(858, 30, 10, 5, 2022, 0),
(859, 30, 11, 5, 2022, 0),
(860, 30, 12, 5, 2022, 0),
(861, 30, 13, 5, 2022, 0),
(862, 30, 14, 5, 2022, 0),
(863, 30, 15, 5, 2022, 0),
(864, 30, 16, 5, 2022, 0),
(865, 30, 17, 5, 2022, 0),
(866, 30, 18, 5, 2022, 0),
(867, 30, 19, 5, 2022, 0),
(868, 30, 20, 5, 2022, 0),
(869, 30, 21, 5, 2022, 0),
(870, 30, 22, 5, 2022, 0),
(871, 30, 23, 5, 2022, 0),
(872, 30, 24, 5, 2022, 0),
(873, 30, 25, 5, 2022, 0),
(874, 30, 26, 5, 2022, 0),
(875, 30, 27, 5, 2022, 0),
(876, 30, 28, 5, 2022, 0),
(877, 30, 29, 5, 2022, 0),
(878, 30, 30, 5, 2022, 0),
(879, 30, 31, 5, 2022, 0),
(880, 30, 1, 6, 2022, 0),
(881, 30, 2, 6, 2022, 0),
(882, 30, 3, 6, 2022, 0),
(883, 30, 4, 6, 2022, 0),
(884, 30, 5, 6, 2022, 0),
(885, 30, 6, 6, 2022, 0),
(886, 30, 7, 6, 2022, 0),
(887, 30, 8, 6, 2022, 0),
(888, 30, 9, 6, 2022, 0),
(889, 30, 10, 6, 2022, 0),
(890, 30, 11, 6, 2022, 0),
(891, 30, 12, 6, 2022, 0),
(892, 30, 13, 6, 2022, 0),
(893, 30, 14, 6, 2022, 0),
(894, 30, 15, 6, 2022, 0),
(895, 30, 16, 6, 2022, 0),
(896, 30, 17, 6, 2022, 0),
(897, 30, 18, 6, 2022, 0),
(898, 30, 19, 6, 2022, 0),
(899, 30, 20, 6, 2022, 0),
(900, 30, 21, 6, 2022, 0),
(901, 30, 22, 6, 2022, 0),
(902, 30, 23, 6, 2022, 0),
(903, 30, 24, 6, 2022, 0),
(904, 30, 25, 6, 2022, 0),
(905, 30, 26, 6, 2022, 0),
(906, 30, 27, 6, 2022, 0),
(907, 30, 28, 6, 2022, 0),
(908, 30, 29, 6, 2022, 0),
(909, 30, 30, 6, 2022, 0),
(910, 30, 1, 7, 2022, 0),
(911, 30, 2, 7, 2022, 0),
(912, 30, 3, 7, 2022, 0),
(913, 30, 4, 7, 2022, 0),
(914, 30, 5, 7, 2022, 0),
(915, 30, 6, 7, 2022, 0),
(916, 30, 7, 7, 2022, 0),
(917, 30, 8, 7, 2022, 0),
(918, 30, 9, 7, 2022, 0),
(919, 30, 10, 7, 2022, 0),
(920, 30, 11, 7, 2022, 0),
(921, 30, 12, 7, 2022, 0),
(922, 30, 13, 7, 2022, 0),
(923, 30, 14, 7, 2022, 0),
(924, 30, 15, 7, 2022, 0),
(925, 30, 16, 7, 2022, 0),
(926, 30, 17, 7, 2022, 0),
(927, 30, 18, 7, 2022, 0),
(928, 30, 19, 7, 2022, 0),
(929, 30, 20, 7, 2022, 0),
(930, 30, 21, 7, 2022, 0),
(931, 30, 22, 7, 2022, 0),
(932, 30, 23, 7, 2022, 0),
(933, 30, 24, 7, 2022, 0),
(934, 30, 25, 7, 2022, 0),
(935, 30, 26, 7, 2022, 0),
(936, 30, 27, 7, 2022, 0),
(937, 30, 28, 7, 2022, 0),
(938, 30, 29, 7, 2022, 0),
(939, 30, 30, 7, 2022, 0),
(940, 30, 31, 7, 2022, 0),
(941, 30, 1, 8, 2022, 0),
(942, 30, 2, 8, 2022, 0),
(943, 30, 3, 8, 2022, 0),
(944, 30, 4, 8, 2022, 0),
(945, 30, 5, 8, 2022, 0),
(946, 30, 6, 8, 2022, 0),
(947, 30, 7, 8, 2022, 0),
(948, 30, 8, 8, 2022, 0),
(949, 30, 9, 8, 2022, 0),
(950, 30, 10, 8, 2022, 0),
(951, 30, 11, 8, 2022, 0),
(952, 30, 12, 8, 2022, 0),
(953, 30, 13, 8, 2022, 0),
(954, 30, 14, 8, 2022, 0),
(955, 30, 15, 8, 2022, 0),
(956, 30, 16, 8, 2022, 0),
(957, 30, 17, 8, 2022, 0),
(958, 30, 18, 8, 2022, 0),
(959, 30, 19, 8, 2022, 0),
(960, 30, 20, 8, 2022, 0),
(961, 30, 21, 8, 2022, 0),
(962, 30, 22, 8, 2022, 0),
(963, 30, 23, 8, 2022, 0),
(964, 30, 24, 8, 2022, 0),
(965, 30, 25, 8, 2022, 0),
(966, 30, 26, 8, 2022, 0),
(967, 30, 27, 8, 2022, 0),
(968, 30, 28, 8, 2022, 0),
(969, 30, 29, 8, 2022, 0),
(970, 30, 30, 8, 2022, 0),
(971, 30, 1, 9, 2022, 0),
(972, 30, 2, 9, 2022, 0),
(973, 30, 3, 9, 2022, 0),
(974, 30, 4, 9, 2022, 0),
(975, 30, 5, 9, 2022, 0),
(976, 30, 6, 9, 2022, 0),
(977, 30, 7, 9, 2022, 0),
(978, 30, 8, 9, 2022, 0),
(979, 30, 9, 9, 2022, 0),
(980, 30, 10, 9, 2022, 0),
(981, 30, 11, 9, 2022, 0),
(982, 30, 12, 9, 2022, 0),
(983, 30, 13, 9, 2022, 0),
(984, 30, 14, 9, 2022, 0),
(985, 30, 15, 9, 2022, 0),
(986, 30, 16, 9, 2022, 0),
(987, 30, 17, 9, 2022, 0),
(988, 30, 18, 9, 2022, 0),
(989, 30, 19, 9, 2022, 0),
(990, 30, 20, 9, 2022, 0),
(991, 30, 21, 9, 2022, 0),
(992, 30, 22, 9, 2022, 0),
(993, 30, 23, 9, 2022, 0),
(994, 30, 24, 9, 2022, 0),
(995, 30, 25, 9, 2022, 0),
(996, 30, 26, 9, 2022, 0),
(997, 30, 27, 9, 2022, 0),
(998, 30, 28, 9, 2022, 0),
(999, 30, 29, 9, 2022, 0),
(1000, 30, 30, 9, 2022, 0),
(1001, 30, 31, 9, 2022, 0),
(1002, 30, 1, 10, 2022, 0),
(1003, 30, 2, 10, 2022, 0),
(1004, 30, 3, 10, 2022, 0),
(1005, 30, 4, 10, 2022, 0),
(1006, 30, 5, 10, 2022, 0),
(1007, 30, 6, 10, 2022, 0),
(1008, 30, 7, 10, 2022, 0),
(1009, 30, 8, 10, 2022, 0),
(1010, 30, 9, 10, 2022, 0),
(1011, 30, 10, 10, 2022, 0),
(1012, 30, 11, 10, 2022, 0),
(1013, 30, 12, 10, 2022, 0),
(1014, 30, 13, 10, 2022, 0),
(1015, 30, 14, 10, 2022, 0),
(1016, 30, 15, 10, 2022, 0),
(1017, 30, 16, 10, 2022, 0),
(1018, 30, 17, 10, 2022, 0),
(1019, 30, 18, 10, 2022, 0),
(1020, 30, 19, 10, 2022, 0),
(1021, 30, 20, 10, 2022, 0),
(1022, 30, 21, 10, 2022, 0),
(1023, 30, 22, 10, 2022, 0),
(1024, 30, 23, 10, 2022, 0),
(1025, 30, 24, 10, 2022, 0),
(1026, 30, 25, 10, 2022, 0),
(1027, 30, 26, 10, 2022, 0),
(1028, 30, 27, 10, 2022, 0),
(1029, 30, 28, 10, 2022, 0),
(1030, 30, 29, 10, 2022, 0),
(1031, 30, 30, 10, 2022, 0),
(1032, 30, 1, 11, 2022, 0),
(1033, 30, 2, 11, 2022, 0),
(1034, 30, 3, 11, 2022, 0),
(1035, 30, 4, 11, 2022, 0),
(1036, 30, 5, 11, 2022, 0),
(1037, 30, 6, 11, 2022, 0),
(1038, 30, 7, 11, 2022, 0),
(1039, 30, 8, 11, 2022, 0),
(1040, 30, 9, 11, 2022, 0),
(1041, 30, 10, 11, 2022, 0),
(1042, 30, 11, 11, 2022, 0),
(1043, 30, 12, 11, 2022, 0),
(1044, 30, 13, 11, 2022, 0),
(1045, 30, 14, 11, 2022, 0),
(1046, 30, 15, 11, 2022, 0),
(1047, 30, 16, 11, 2022, 0),
(1048, 30, 17, 11, 2022, 0),
(1049, 30, 18, 11, 2022, 0),
(1050, 30, 19, 11, 2022, 0),
(1051, 30, 20, 11, 2022, 0),
(1052, 30, 21, 11, 2022, 0),
(1053, 30, 22, 11, 2022, 0),
(1054, 30, 23, 11, 2022, 0),
(1055, 30, 24, 11, 2022, 0),
(1056, 30, 25, 11, 2022, 0),
(1057, 30, 26, 11, 2022, 0),
(1058, 30, 27, 11, 2022, 0),
(1059, 30, 28, 11, 2022, 0),
(1060, 30, 29, 11, 2022, 0),
(1061, 30, 30, 11, 2022, 0),
(1062, 30, 31, 11, 2022, 0),
(1063, 30, 1, 12, 2022, 0),
(1064, 30, 2, 12, 2022, 0),
(1065, 30, 3, 12, 2022, 0),
(1066, 30, 4, 12, 2022, 0),
(1067, 30, 5, 12, 2022, 0),
(1068, 30, 6, 12, 2022, 0),
(1069, 30, 7, 12, 2022, 0),
(1070, 30, 8, 12, 2022, 0),
(1071, 30, 9, 12, 2022, 0),
(1072, 30, 10, 12, 2022, 0),
(1073, 30, 11, 12, 2022, 0),
(1074, 30, 12, 12, 2022, 0),
(1075, 30, 13, 12, 2022, 0),
(1076, 30, 14, 12, 2022, 0),
(1077, 30, 15, 12, 2022, 0),
(1078, 30, 16, 12, 2022, 0),
(1079, 30, 17, 12, 2022, 0),
(1080, 30, 18, 12, 2022, 0),
(1081, 30, 19, 12, 2022, 0),
(1082, 30, 20, 12, 2022, 0),
(1083, 30, 21, 12, 2022, 0),
(1084, 30, 22, 12, 2022, 0),
(1085, 30, 23, 12, 2022, 0),
(1086, 30, 24, 12, 2022, 0),
(1087, 30, 25, 12, 2022, 0),
(1088, 30, 26, 12, 2022, 0),
(1089, 30, 27, 12, 2022, 0),
(1090, 30, 28, 12, 2022, 0),
(1091, 30, 29, 12, 2022, 0),
(1092, 30, 30, 12, 2022, 0);

-- --------------------------------------------------------

--
-- Structure de la table `equiperamasseur`
--

CREATE TABLE `equiperamasseur` (
  `id` int(11) NOT NULL,
  `nom` varchar(255) NOT NULL
) ENGINE=InnoDB DEFAULT CHARSET=utf8mb4;

--
-- Déchargement des données de la table `equiperamasseur`
--

INSERT INTO `equiperamasseur` (`id`, `nom`) VALUES
(1, 'Rolland'),
(2, 'Garros'),
(3, 'Marie'),
(4, 'Joseph');

-- --------------------------------------------------------

--
-- Structure de la table `hotel_partenaire`
--

CREATE TABLE `hotel_partenaire` (
  `id` int(11) NOT NULL,
  `nom` varchar(50) NOT NULL,
  `localisation` varchar(50) NOT NULL,
  `description` varchar(200) NOT NULL,
  `nb_etoiles` int(11) NOT NULL,
  `image` text NOT NULL,
  `id_gerant` int(11) NOT NULL
) ENGINE=InnoDB DEFAULT CHARSET=utf8mb4;

--
-- Déchargement des données de la table `hotel_partenaire`
--

INSERT INTO `hotel_partenaire` (`id`, `nom`, `localisation`, `description`, `nb_etoiles`, `image`, `id_gerant`) VALUES
(28, 'Radisson Blu Hotel', '129 rue Servient, 3e arr., 69003 Lyon, France', 'Découvrez Lyon ce weekend, la deuxième ville culturelle de France en région Rhône Alpes !  Situé en plein centre de Lyon, le Radisson Blu Hotel vous ouvre les portes de son emblématique bâtiment.', 4, '../assets/img/hotels/hotel1.jpg', 2),
(29, 'Hotel Mercure', '55 Quai Rambaud, 2e arr., 69002 Lyon, France', 'Avec Mercure économisez sur votre séjour en effectuant votre réservation à l\'avance! Découvrez notre sélection d\'hôtels et bénéficiez du meilleur tarif sur notre site officiel. ', 5, '../assets/img/hotels/hotel2.jpg', 4),
(30, 'Hotel Boscolo', '4-6, rue Mortier, 3e arr., 69003 Lyon, France', 'Réservez maintenant sur le Site Officiel et découvrez l\'univers ALL - Accor Live Limitless. Des expériences, des réductions, de l\'inédit !', 2, '../assets/img/hotels/hotel3.jpg', 100);

-- --------------------------------------------------------

--
-- Structure de la table `joueur`
--

CREATE TABLE `joueur` (
  `id` int(11) NOT NULL,
  `age` int(11) NOT NULL,
  `nationnalite` varchar(255) NOT NULL,
  `idUser` int(11) NOT NULL
) ENGINE=InnoDB DEFAULT CHARSET=utf8mb4;

--
-- Déchargement des données de la table `joueur`
--

INSERT INTO `joueur` (`id`, `age`, `nationnalite`, `idUser`) VALUES
(1, 24, 'France', 112),
(2, 21, 'Espagne', 5),
(3, 25, 'Russie', 6),
(4, 30, 'Maroc', 7),
(5, 28, 'Angleterre', 7),
(6, 19, 'Irlande', 8),
(7, 26, 'France', 9),
(8, 23, 'Portugal', 10),
(9, 25, 'Bulgarie', 36),
(10, 28, 'Croatie', 12),
(11, 31, 'Bresil', 13),
(12, 21, 'Perou', 14),
(13, 27, 'France', 15),
(14, 23, 'France', 16),
(15, 26, 'Chine', 17),
(16, 25, 'Japon', 18),
(17, 29, 'Angleterre', 19),
(18, 28, 'Espagne', 20),
(19, 26, 'Russie', 21),
(20, 25, 'Ukraine', 22),
(21, 24, 'France', 23),
(22, 24, 'France', 24),
(23, 28, 'Maroc', 25),
(24, 30, 'Espagne', 26),
(25, 21, 'Allemagne', 27),
(26, 29, 'Portugal', 28),
(27, 20, 'Espagne', 29),
(28, 20, 'Suisse', 30),
(29, 24, 'Suisse', 31),
(30, 32, 'France', 32),
(31, 25, 'Canada', 33),
(32, 20, 'Croatie', 34);

-- --------------------------------------------------------

--
-- Structure de la table `lesmatch`
--

CREATE TABLE `lesmatch` (
  `id` int(11) NOT NULL,
  `idJoueur1` int(11) NOT NULL,
  `idJoueur2` int(11) NOT NULL,
  `score` varchar(5) DEFAULT NULL,
  `idTerrain` int(11) DEFAULT NULL,
  `horaire` int(11) DEFAULT NULL,
  `idArbitre` int(11) DEFAULT NULL,
  `idRamasseur` int(11) DEFAULT NULL
) ENGINE=InnoDB DEFAULT CHARSET=utf8mb4;

--
-- Déchargement des données de la table `lesmatch`
--

INSERT INTO `lesmatch` (`id`, `idJoueur1`, `idJoueur2`, `score`, `idTerrain`, `horaire`, `idArbitre`, `idRamasseur`) VALUES
(1, 1, 2, NULL, NULL, NULL, NULL, NULL);

-- --------------------------------------------------------

--
-- Structure de la table `reservation`
--

CREATE TABLE `reservation` (
  `id` int(11) NOT NULL,
  `id_vip` int(11) NOT NULL,
  `id_hotel` int(11) NOT NULL,
  `nbreChambre` int(11) NOT NULL,
  `typeChambre` int(11) NOT NULL,
  `jourA` int(11) NOT NULL,
  `moisA` int(11) NOT NULL,
  `anneeA` int(11) NOT NULL,
  `jourD` int(11) NOT NULL,
  `moisD` int(11) NOT NULL,
  `anneeD` int(11) NOT NULL
) ENGINE=InnoDB DEFAULT CHARSET=utf8mb4;

-- --------------------------------------------------------

--
-- Structure de la table `services`
--

CREATE TABLE `services` (
  `id` int(20) NOT NULL,
  `nom_service` varchar(100) NOT NULL,
  `description` text NOT NULL,
  `id_hotel` int(20) NOT NULL
) ENGINE=InnoDB DEFAULT CHARSET=utf8mb4;

--
-- Déchargement des données de la table `services`
--

INSERT INTO `services` (`id`, `nom_service`, `description`, `id_hotel`) VALUES
(13, 'wifi', 'free', 28),
(14, 'sauna', 'c\'est chaud', 29),
(15, 'piscine', 'glouglou', 30);

-- --------------------------------------------------------

--
-- Structure de la table `terrain`
--

CREATE TABLE `terrain` (
  `id` int(11) NOT NULL,
  `nbPlace` int(11) NOT NULL,
  `nom` varchar(255) NOT NULL
) ENGINE=InnoDB DEFAULT CHARSET=utf8mb4;

--
-- Déchargement des données de la table `terrain`
--

INSERT INTO `terrain` (`id`, `nbPlace`, `nom`) VALUES
(1, 900, 'St Antoine'),
(2, 350, 'Marie-Luce'),
(3, 420, 'Léo Lagrange'),
(4, 230, 'St Tropez');

-- --------------------------------------------------------

--
-- Structure de la table `user`
--

CREATE TABLE `user` (
  `id` int(20) NOT NULL,
  `nom` varchar(50) NOT NULL,
  `prenom` varchar(50) NOT NULL,
  `email` text NOT NULL,
  `pwd` text NOT NULL,
  `role` varchar(50) NOT NULL
) ENGINE=InnoDB DEFAULT CHARSET=utf8mb4;

--
-- Déchargement des données de la table `user`
--

INSERT INTO `user` (`id`, `nom`, `prenom`, `email`, `pwd`, `role`) VALUES
(1, 'NEDUCI', 'Marie', 'joueur@gmail.com', '$2y$10$MaFJYvIEUFnlWqSqP6FzS.Fpwgiappl4I5.CPGr/AtRtMuKcwjwyG', '1'),
(2, 'Bourget', 'Stephanie', 'hotel@gmail.com', '$2y$10$gCQN9NfReWJaR6/cHadWUeAHG5T5uwYEt3frroj1WO1igd6OV2V/O', '4'),
(3, 'Sanchez', 'Julien', 'staff@gmail.com', '$2y$10$RQ0M9aRJdzyy.Il/FPqRROyT9N2wYiQ74ya2Zm6RQ.iXMXY2o7t0y', '5'),
(4, 'Bourget', 'Stephane', 'hotel2@gmail.com', '$2y$10$NCTcK/TYo1RKU5PJQBfLA.9qHNGLhKSp2fx/kgpJ2oZI8f8xiowUa', '4'),
(5, 'Jurijo', 'Killian', 'Lillian@gmail.com', 'xdfghjbhgfrgb', '1'),
(6, 'Loupi', 'Lou', 'Lou@gmail.com', 'kjhvhjkjhgchjkjhvc', '1'),
(7, 'Kjugi', 'Molenne', 'Molenne@gmail.com', 'vfcfhbdsjdhzuz', '1'),
(8, 'Melvin', 'Melvin', 'Melvin@gmail.com', 'isquhdyqgyd', '1'),
(9, 'Pozzi', 'Alexandre', 'Alexandre@gmail.com', 'kyugjyhfgcbfv', '1'),
(11, 'a', 'b', 'az', 'za', '6'),
(12, 'Carbonne', 'Michel', 'michel@gamiL.com', 'ghcdjqhuidqgvdh<nixuqidjjdhjcjhufvj', '1'),
(13, 'Blanchard', 'Noah', 'Noah@gmail.com', 'oijuhgv', '1'),
(14, 'Pozzo', 'Kaledendre', 'Kaledrende@gmail.com', 'gdrfxw', '1'),
(15, 'Fladre', 'Flandre', 'Flandre@gmail.com', 'gdrfsw', '1'),
(16, 'Jurijo', 'Marcel', 'Marcel@gmail.com', 'efqefdvfssf', '1'),
(17, 'Loupi', 'Loupix', 'Loupix@gmail.com', 'jihbv', '1'),
(18, 'Kilgar', 'Korner', 'Korner@gmail.com', 'rhth65455623', '1'),
(19, 'Karner', 'Karter', 'Karter@gmail.com', ',fujgyhdw', '1'),
(20, 'Hila', 'Illia', 'Illia@gmail.com', 'ujhnb', '1'),
(21, 'Kala', 'Artanis', 'Artanis@gmail.com', 'ForAiur', '1'),
(22, 'Shakuras', 'Vorazun', 'Vorazun@gmail.com', 'ljiujyhtgf', '1'),
(23, 'Prelate', 'Alarak', 'mail@gmail.com', 'efkqjdys<xghk', '1'),
(24, 'polici', 'Morin', 'morin@gmail.com', 'lkjhgf', '1'),
(25, 'Porin', 'Thurti', 'turthi@gmail.com', 'mlkjhgfdghjkl', '1'),
(26, 'loirin', 'Anais', 'Anais@gmail.com', 'jghfdghjkl', '1'),
(27, 'Blanchard', 'Françis', 'Loupix@gmail.com', 'iouyftgghyjkihgyf', '1'),
(28, 'Delanoix', 'kevin', 'kevin@gmail.com', 'djuiqduhquduqdhuq', '1'),
(29, 'Kevlin', 'Carpette', 'carpette@gmail.com', 'gyghkjhgfghjkhj', '1'),
(30, 'Killianix', 'Arthur', 'Arthur@gmail.com', 'jisyudqhdqudhuq', '1'),
(31, 'Billiame', 'Billal', 'Billal@gmail.com', 'qdqdjhqgdhjqiiq', '1'),
(32, 'Delpres', 'Atreus', 'Atreus@gmail.com', 'feqfqfqhduqhduqhdiu', '1'),
(33, 'Morg', 'Morgana', 'morgana@gmail.com', 'JSGH<SUIHuhs', '1'),
(34, 'Liliama', 'polux', 'polux@gmail.com', 'dhsqudhquhdyuqhd', '1'),
(35, 'Akagame', 'Zenitsu', 'Zenistsu@gmail.com', 'iuytfgdghjk', '1'),
(36, 'Delanoix', 'Françis', 'mail@mail', 'poiuytrfd', '1'),
(37, 'Bonaparte', 'Napoléon ', 'n', 'b', '2'),
(38, 'Lionel', 'Lionelle', 'h', 'd', '2'),
(39, 'sqdfqd', 'Francis', 'dsd', 'sdq', '2'),
(40, 'ouaf', 'Toutou', 'sduh', 'dqduyqzgh', '2'),
(41, 'blefeu', 'Marcel', 'fqdsqdc', 'fdq', '2'),
(100, 'Van', 'Laurine', 'hotel3@gmail.com', '$2y$10$bpVrqspFMGV8S9W4Nlwvpe/87dR5hC.aVfe/DDo53uhcrb8lv5TXK', '4'),
(102, 'MAROUANI', 'Ceif', 'arbitre@gmail.com', '$2y$10$/Hh6t3PAyWFbWP.QaLA./eL6UwxYNSpOMegV5E7Ao48b4zhutSNM.', '2'),
(111, 'BENEDUCI', 'Marie', 'autre@gmail.com', '$2y$10$3KgaklXTKhEtatxWMXjo/e3iPgA3qVtdRhbAPv7ii5X5SxaTdcHDe', '3'),
(112, 'BENNEDUCI', 'Marie', 't', 'a', '1');

-- --------------------------------------------------------

--
-- Structure de la table `valideMatch`
--

CREATE TABLE `valideMatch` (
  `r` int(11) NOT NULL
) ENGINE=InnoDB DEFAULT CHARSET=utf8;

--
-- Déchargement des données de la table `valideMatch`
--

INSERT INTO `valideMatch` (`r`) VALUES
(0);

--
-- Index pour les tables déchargées
--

--
-- Index pour la table `arbitre`
--
ALTER TABLE `arbitre`
  ADD PRIMARY KEY (`id`),
  ADD KEY `idUserArbitre` (`idUser`);

--
-- Index pour la table `bTerrain`
--
ALTER TABLE `bTerrain`
  ADD PRIMARY KEY (`id`),
  ADD KEY `idTerrain` (`idTerrain`),
  ADD KEY `idJoueur` (`idJoueur`);

--
-- Index pour la table `chambre`
--
ALTER TABLE `chambre`
  ADD PRIMARY KEY (`id`),
  ADD KEY `fk_hotel` (`id_hotel`);

--
-- Index pour la table `disponibilite_chambre`
--
ALTER TABLE `disponibilite_chambre`
  ADD PRIMARY KEY (`id`),
  ADD KEY `fk_chambre` (`id_chambre`);

--
-- Index pour la table `disponibilite_hotel`
--
ALTER TABLE `disponibilite_hotel`
  ADD PRIMARY KEY (`id`);

--
-- Index pour la table `equiperamasseur`
--
ALTER TABLE `equiperamasseur`
  ADD PRIMARY KEY (`id`);

--
-- Index pour la table `hotel_partenaire`
--
ALTER TABLE `hotel_partenaire`
  ADD PRIMARY KEY (`id`),
  ADD KEY `fk_gerant` (`id_gerant`);

--
-- Index pour la table `joueur`
--
ALTER TABLE `joueur`
  ADD PRIMARY KEY (`id`),
  ADD KEY `idUser` (`idUser`);

--
-- Index pour la table `lesmatch`
--
ALTER TABLE `lesmatch`
  ADD PRIMARY KEY (`id`),
  ADD KEY `fk_joueur1` (`idJoueur1`),
  ADD KEY `fk_joueur2` (`idJoueur2`),
  ADD KEY `fk_arbitre` (`idArbitre`),
  ADD KEY `fk_ramasseur` (`idRamasseur`);

--
-- Index pour la table `reservation`
--
ALTER TABLE `reservation`
  ADD PRIMARY KEY (`id`);

--
-- Index pour la table `services`
--
ALTER TABLE `services`
  ADD PRIMARY KEY (`id`),
  ADD KEY `fk_hotel` (`id_hotel`);

--
-- Index pour la table `terrain`
--
ALTER TABLE `terrain`
  ADD PRIMARY KEY (`id`);

--
-- Index pour la table `user`
--
ALTER TABLE `user`
  ADD PRIMARY KEY (`id`);

--
-- AUTO_INCREMENT pour les tables déchargées
--

--
-- AUTO_INCREMENT pour la table `arbitre`
--
ALTER TABLE `arbitre`
  MODIFY `id` int(11) NOT NULL AUTO_INCREMENT, AUTO_INCREMENT=6;

--
-- AUTO_INCREMENT pour la table `bTerrain`
--
ALTER TABLE `bTerrain`
  MODIFY `id` int(11) NOT NULL AUTO_INCREMENT, AUTO_INCREMENT=20;

--
-- AUTO_INCREMENT pour la table `chambre`
--
ALTER TABLE `chambre`
  MODIFY `id` int(20) NOT NULL AUTO_INCREMENT, AUTO_INCREMENT=74;

--
-- AUTO_INCREMENT pour la table `disponibilite_chambre`
--
ALTER TABLE `disponibilite_chambre`
  MODIFY `id` int(11) NOT NULL AUTO_INCREMENT, AUTO_INCREMENT=2185;

--
-- AUTO_INCREMENT pour la table `disponibilite_hotel`
--
ALTER TABLE `disponibilite_hotel`
  MODIFY `id` int(11) NOT NULL AUTO_INCREMENT, AUTO_INCREMENT=1093;

--
-- AUTO_INCREMENT pour la table `equiperamasseur`
--
ALTER TABLE `equiperamasseur`
  MODIFY `id` int(11) NOT NULL AUTO_INCREMENT, AUTO_INCREMENT=5;

--
-- AUTO_INCREMENT pour la table `hotel_partenaire`
--
ALTER TABLE `hotel_partenaire`
  MODIFY `id` int(11) NOT NULL AUTO_INCREMENT, AUTO_INCREMENT=31;

--
-- AUTO_INCREMENT pour la table `joueur`
--
ALTER TABLE `joueur`
  MODIFY `id` int(11) NOT NULL AUTO_INCREMENT, AUTO_INCREMENT=33;

--
-- AUTO_INCREMENT pour la table `lesmatch`
--
ALTER TABLE `lesmatch`
  MODIFY `id` int(11) NOT NULL AUTO_INCREMENT, AUTO_INCREMENT=2;

--
-- AUTO_INCREMENT pour la table `reservation`
--
ALTER TABLE `reservation`
  MODIFY `id` int(11) NOT NULL AUTO_INCREMENT, AUTO_INCREMENT=7;

--
-- AUTO_INCREMENT pour la table `services`
--
ALTER TABLE `services`
  MODIFY `id` int(20) NOT NULL AUTO_INCREMENT, AUTO_INCREMENT=17;

--
-- AUTO_INCREMENT pour la table `terrain`
--
ALTER TABLE `terrain`
  MODIFY `id` int(11) NOT NULL AUTO_INCREMENT, AUTO_INCREMENT=5;

--
-- AUTO_INCREMENT pour la table `user`
--
ALTER TABLE `user`
  MODIFY `id` int(20) NOT NULL AUTO_INCREMENT, AUTO_INCREMENT=113;

--
-- Contraintes pour les tables déchargées
--

--
-- Contraintes pour la table `arbitre`
--
ALTER TABLE `arbitre`
  ADD CONSTRAINT `idUserArbitre` FOREIGN KEY (`idUser`) REFERENCES `user` (`id`);

--
-- Contraintes pour la table `disponibilite_chambre`
--
ALTER TABLE `disponibilite_chambre`
  ADD CONSTRAINT `fk_chambre` FOREIGN KEY (`id_chambre`) REFERENCES `chambre` (`id`) ON DELETE CASCADE ON UPDATE CASCADE;

--
-- Contraintes pour la table `hotel_partenaire`
--
ALTER TABLE `hotel_partenaire`
  ADD CONSTRAINT `fk_gerant` FOREIGN KEY (`id_gerant`) REFERENCES `user` (`id`) ON DELETE CASCADE ON UPDATE CASCADE;

--
-- Contraintes pour la table `lesmatch`
--
ALTER TABLE `lesmatch`
  ADD CONSTRAINT `fk_arbitre` FOREIGN KEY (`idArbitre`) REFERENCES `arbitre` (`id`) ON DELETE CASCADE ON UPDATE CASCADE,
  ADD CONSTRAINT `fk_joueur1` FOREIGN KEY (`idJoueur1`) REFERENCES `joueur` (`id`) ON DELETE CASCADE ON UPDATE CASCADE,
  ADD CONSTRAINT `fk_joueur2` FOREIGN KEY (`idJoueur2`) REFERENCES `joueur` (`id`) ON DELETE CASCADE ON UPDATE CASCADE,
  ADD CONSTRAINT `fk_ramasseur` FOREIGN KEY (`idRamasseur`) REFERENCES `equiperamasseur` (`id`) ON DELETE CASCADE ON UPDATE CASCADE;

--
-- Contraintes pour la table `services`
--
ALTER TABLE `services`
  ADD CONSTRAINT `fk_hotel` FOREIGN KEY (`id_hotel`) REFERENCES `hotel_partenaire` (`id`) ON DELETE CASCADE ON UPDATE CASCADE;
COMMIT;

/*!40101 SET CHARACTER_SET_CLIENT=@OLD_CHARACTER_SET_CLIENT */;
/*!40101 SET CHARACTER_SET_RESULTS=@OLD_CHARACTER_SET_RESULTS */;
/*!40101 SET COLLATION_CONNECTION=@OLD_COLLATION_CONNECTION */;
